Manufacturer;Model Name;Screen Size;RAM; Storage;Operating System;Color
Apple;MacBook Pro;"13.3""";8GB;128GB;macOS;Серебристый
Apple;Macbook Air;"13.3""";8GB;128GB;macOS;Серебристый
HP;250 G6;"15.6""";8GB;256GB;No OS;Черный
Apple;MacBook Pro;"15.4""";16GB;512GB;macOS;Голубой
Apple;MacBook Pro;"13.3""";8GB;256GB;macOS;Синий
Acer;Aspire 3;"15.6""";4GB;500GB;Windows;Серебристый
Apple;MacBook Pro;"15.4""";16GB;256GB;Mac OS;Черный
Apple;Macbook Air;"13.3""";8GB;256GB;macOS;Голубой
Asus;ZenBook UX430UN;"14.0""";16GB;512GB;Windows;Белый
Acer;Swift 3;"14.0""";8GB;256GB;Windows;Серебристый
HP;250 G6;"15.6""";4GB;500GB;No OS;Красный
HP;250 G6;"15.6""";4GB;500GB;No OS;Голубой
Apple;MacBook Pro;"15.4""";16GB;256GB;macOS;Красный
Dell;Inspiron 3567;"15.6""";4GB;256GB;Windows;Серый
Apple;"MacBook 12""";"12.0""";8GB;256GB;macOS;Серебристый
Apple;MacBook Pro;"13.3""";8GB;256GB;macOS;Синий
Dell;Inspiron 3567;"15.6""";8GB;256GB;Windows;Синий
Apple;MacBook Pro;"15.4""";16GB;512GB;macOS;Серый
Lenovo;IdeaPad 320-15IKB;"15.6""";8GB;1TB;No OS;Синий
Dell;XPS 13;"13.3""";8GB;128GB;Windows;Белый
Asus;Vivobook E200HA;"11.6""";2GB;32GB;Windows;Белый
Lenovo;Legion Y520-15IKBN;"15.6""";8GB;128GB;Windows;Белый
HP;255 G6;"15.6""";4GB;500GB;No OS;Белый
Dell;Inspiron 5379;"13.3""";8GB;256GB;Windows;Серый
HP;15-BS101nv (i7-8550U/8GB/256GB/FHD/W10);"15.6""";8GB;256GB;Windows;Белый
Dell;Inspiron 3567;"15.6""";4GB;1TB;Windows;Серебристый
Apple;MacBook Air;"13.3""";8GB;128GB;Mac OS;Белый
Dell;Inspiron 5570;"15.6""";8GB;256GB;Windows;Белый
Dell;Latitude 5590;"15.6""";8GB;256GB;Windows;Серый
HP;ProBook 470;"17.3""";8GB;1TB;Windows;Синий
Chuwi;"LapBook 15.6""";"15.6""";4GB;64GB;Windows;Белый
Asus;E402WA-GA010T (E2-6110/2GB/32GB/W10);"14.0""";2GB;32GB;Windows;Синий
HP;17-ak001nv (A6-9220/4GB/500GB/Radeon;"17.3""";4GB;500GB;Windows;Серебристый
Dell;XPS 13;"13.3""";16GB;512GB;Windows;Серебристый
Apple;MacBook Air;"13.3""";8GB;256GB;Mac OS;Желтый
Lenovo;IdeaPad 120S-14IAP;"14.0""";4GB;64GB;Windows;Синий
Acer;Aspire 3;"15.6""";4GB;1TB;Linux;Синий
Dell;Inspiron 5770;"17.3""";8GB;128GB;Windows;Красный
HP;250 G6;"15.6""";4GB;1TB;Windows;Желтый
HP;ProBook 450;"15.6""";8GB;256GB;Windows;Черный
Asus;X540UA-DM186 (i3-6006U/4GB/1TB/FHD/Linux);"15.6""";4GB;1TB;Linux;Черный
Dell;Inspiron 7577;"15.6""";16GB;256GB;Windows;Серый
Asus;X542UQ-GO005 (i5-7200U/8GB/1TB/GeForce;"15.6""";8GB;1TB;Linux;Серебристый
Acer;Aspire A515-51G;"15.6""";4GB;256GB;Windows;Белый
Dell;Inspiron 7773;"17.3""";12GB;1TB;Windows;Серый
Apple;MacBook Pro;"13.3""";8GB;256GB;macOS;Черный
Lenovo;IdeaPad 320-15ISK;"15.6""";4GB;128GB;No OS;Синий
Asus;Rog Strix;"17.3""";8GB;256GB;Windows;Голубой
Dell;Inspiron 3567;"15.6""";4GB;256GB;Windows;Белый
Asus;X751NV-TY001T (N4200/4GB/1TB/GeForce;"17.3""";4GB;1TB;Windows;Черный
Lenovo;Yoga Book;"10.1""";4GB;64GB;Android;Белый
Acer;Aspire A515-51G;"15.6""";8GB;256GB;Windows;Желтый
HP;255 G6;"15.6""";4GB;256GB;Windows;Черный
HP;ProBook 430;"13.3""";8GB;512GB;Windows;Голубой
Acer;Aspire 3;"15.6""";4GB;1TB;Windows;Синий
Dell;Inspiron 3576;"15.6""";8GB;256GB;Windows;Синий
HP;15-bs002nv (i3-6006U/4GB/128GB/FHD/W10);"15.6""";4GB;128GB;Windows;Серебристый
Asus;VivoBook Max;"15.6""";4GB;256GB;Windows;Черный
MSI;GS73VR 7RG;"17.3""";16GB;256GB;Windows;Голубой
Asus;X541UA-DM1897 (i3-6006U/4GB/256GB/FHD/Linux);"15.6""";4GB;256GB;Linux;Черный
Dell;Inspiron 5770;"17.3""";16GB;256GB;Windows;Голубой
Dell;Vostro 5471;"14.0""";8GB;256GB;Windows;Красный
Lenovo;IdeaPad 520S-14IKB;"14.0""";8GB;256GB;No OS;Белый
Asus;UX410UA-GV350T (i5-8250U/8GB/256GB/FHD/W10);"14.0""";8GB;256GB;Windows;Синий
HP;250 G6;"15.6""";8GB;256GB;Windows;Белый
Asus;ZenBook Pro;"15.6""";16GB;512GB;Windows;Белый
HP;250 G6;"15.6""";4GB;500GB;Windows;Серебристый
HP;Stream 14-AX040wm;"14.0""";4GB;32GB;Windows;Серый
Lenovo;V310-15ISK (i5-7200U/4GB/1TB/FHD/W10);"15.6""";4GB;1TB;Windows;Белый
Asus;FX753VE-GC093 (i7-7700HQ/12GB/1TB/GeForce;"17.3""";12GB;1TB;Linux;Серебристый
Microsoft;Surface Laptop;"13.5""";4GB;128GB;Windows;Серый
Dell;Inspiron 5370;"13.3""";8GB;256GB;Windows;Белый
Dell;Inspiron 5570;"15.6""";8GB;256GB;Windows;Голубой
MSI;GL72M 7RDX;"17.3""";8GB;128GB;Windows;Белый
Acer;Aspire E5-475;"14.0""";8GB;1TB;Windows;Серый
Asus;FX503VD-E4022T (i7-7700HQ/8GB/1TB/GeForce;"15.6""";8GB;1TB;Windows;Синий
Lenovo;IdeaPad 320-15IKBN;"15.6""";8GB;2TB;No OS;Желтый
Dell;Inspiron 5570;"15.6""";8GB;128GB;Windows;Голубой
Acer;Aspire A515-51G-32MX;"15.6""";4GB;1TB;Windows;Белый
HP;ProBook 470;"17.3""";8GB;128GB;Windows;Синий
Dell;Latitude 5590;"15.6""";8GB;256GB;Windows;Красный
Apple;"MacBook 12""";"12.0""";8GB;512GB;macOS;Красный
HP;ProBook 440;"14.0""";8GB;256GB;Windows;Желтый
Lenovo;IdeaPad 320-15AST;"15.6""";4GB;128GB;Windows;Голубой
Acer;Aspire 3;"15.6""";4GB;1TB;Windows;Черный
Dell;Inspiron 7577;"15.6""";16GB;128GB;Windows;Красный
HP;Pavilion 15-CK000nv;"15.6""";8GB;256GB;Windows;Черный
HP;250 G6;"15.6""";8GB;256GB;Windows;Серебристый
Asus;FX503VM-E4007T (i7-7700HQ/16GB/1TB;"15.6""";16GB;128GB;Windows;Черный
Dell;XPS 13;"13.3""";8GB;256GB;Windows;Синий
Asus;FX550IK-DM018T (FX-9830P/8GB/1TB/Radeon;"15.6""";8GB;1TB;Windows;Белый
Acer;Aspire 5;"15.6""";8GB;1TB;Windows;Голубой
HP;Probook 430;"13.3""";16GB;512GB;Windows;Красный
Dell;Inspiron 7577;"15.6""";8GB;256GB;Windows;Синий
Asus;Zenbook UX430UA;"14.0""";8GB;256GB;Windows;Серый
Acer;Spin 5;"13.3""";8GB;256GB;Windows;Синий
Dell;Inspiron 3567;"15.6""";8GB;1TB;Linux;Синий
Dell;Inspiron 3567;"15.6""";4GB;256GB;Linux;Синий
Asus;X541UV-DM1439T (i3-7100U/6GB/256GB/GeForce;"15.6""";6GB;256GB;Windows;Серебристый
HP;Omen 15-ce007nv;"15.6""";12GB;128GB;Windows;Серый
HP;15-bs017nv (i7-7500U/8GB/256GB/Radeon;"15.6""";8GB;256GB;Windows;Белый
HP;15-bw000nv (E2-9000e/4GB/500GB/Radeon;"15.6""";4GB;500GB;Windows;Серый
Dell;Inspiron 3576;"15.6""";8GB;1TB;Linux;Красный
HP;Envy 13-ad009n;"13.3""";8GB;256GB;Windows;Белый
Microsoft;Surface Laptop;"13.5""";8GB;256GB;Windows;Красный
HP;Pavilion 14-BK001nv;"14.0""";6GB;256GB;Windows;Красный
Lenovo;Ideapad 310-15ISK;"15.6""";4GB;1TB;Windows;Синий
Asus;UX430UQ-GV209R (i7-7500U/8GB/256GB/GeForce;"14.0""";8GB;256GB;Windows;Серебристый
MSI;GP62M 7REX;"15.6""";16GB;256GB;Windows;Желтый
Lenovo;Thinkpad T470;"14.0""";8GB;256GB;Windows;Желтый
Asus;VivoBook S15;"15.6""";16GB;256GB;Windows;Голубой
Dell;XPS 13;"13.3""";8GB;256GB;Windows;Желтый
Lenovo;ThinkPad Yoga;"13.3""";8GB;256GB;Windows;Черный
HP;Probook 440;"14.0""";4GB;500GB;Windows;Белый
Dell;XPS 13;"13.3""";8GB;256GB;Windows;Красный
HP;Spectre x360;"13.3""";8GB;256GB;Windows;Белый
HP;Probook 440;"14.0""";8GB;512GB;Windows;Черный
Dell;Inspiron 7570;"15.6""";8GB;256GB;Windows;Синий
Asus;X705UV-BX074T (i3-6006U/4GB/1TB/GeForce;"17.3""";4GB;1TB;Windows;Серебристый
Asus;VivoBook S15;"15.6""";8GB;256GB;Windows;Красный
Acer;Spin 3;"15.6""";6GB;1TB;Windows;Черный
MSI;GS63VR 7RG;"15.6""";16GB;256GB;Windows;Серебристый
Lenovo;IdeaPad 320-15IKBN;"15.6""";8GB;256GB;No OS;Черный
HP;Probook 470;"17.3""";16GB;512GB;Windows;Желтый
Acer;Aspire 3;"15.6""";4GB;256GB;Windows;Белый
HP;250 G6;"15.6""";4GB;500GB;No OS;Синий
HP;Probook 440;"14.0""";8GB;1TB;Windows;Серебристый
Asus;E402WA-GA007T (E2-6110/4GB/64GB/W10;"14.0""";4GB;64GB;Windows;Синий
Dell;Inspiron 5770;"17.3""";16GB;256GB;Windows;Серый
HP;ProBook 470;"17.3""";8GB;256GB;Windows;Желтый
Dell;Inspiron 5567;"15.6""";8GB;1TB;Windows;Желтый
Dell;Inspiron 3567;"15.6""";4GB;1TB;Windows;Голубой
Acer;Swift 3;"14.0""";8GB;256GB;Windows;Красный
Acer;Aspire A515-51G-37JS;"15.6""";4GB;256GB;Windows;Серебристый
HP;15-BS078nr (i7-7500U/8GB/1TB/W10);"15.6""";8GB;1TB;Windows;Синий
HP;Probook 440;"14.0""";8GB;256GB;Windows;Черный
Lenovo;V110-15IAP (N3350/4GB/1TB/No;"15.6""";4GB;1TB;No OS;Красный
Asus;FX753VD-GC086T (i5-7300HQ/8GB/1TB;"17.3""";8GB;128GB;Windows;Серый
Lenovo;IdeaPad 320-15IKBN;"15.6""";4GB;1TB;No OS;Голубой
HP;Envy 13-AD007nv;"13.3""";4GB;256GB;Windows;Голубой
Acer;Aspire 5;"17.3""";4GB;1TB;Windows;Красный
Lenovo;ThinkPad E480;"14.0""";8GB;256GB;Windows;Синий
Lenovo;Legion Y520-15IKBN;"15.6""";8GB;256GB;No OS;Синий
Toshiba;Satellite Pro;"15.6""";4GB;500GB;Windows;Серебристый
HP;255 G6;"15.6""";4GB;256GB;Windows;Красный
Asus;ZenBook UX430UA;"14.0""";8GB;256GB;Windows;Серебристый
HP;EliteBook Folio;"12.5""";8GB;512GB;Windows;Голубой
Asus;X541NA (N3350/4GB/1TB/FHD/W10);"15.6""";4GB;1TB;Windows;Белый
MSI;GE72MVR 7RG;"17.3""";16GB;256GB;Windows;Красный
Acer;Aspire A315-51;"15.6""";4GB;1TB;Windows;Серебристый
Dell;Inspiron 5577;"15.6""";16GB;512GB;Windows;Синий
Dell;Inspiron 7567;"15.6""";8GB;1TB;Windows;Серебристый
Lenovo;V110-15IKB (i5-7200U/4GB/128GB/W10);"15.6""";4GB;128GB;Windows;Голубой
MSI;GE73VR 7RE;"17.3""";16GB;256GB;Windows;Черный
HP;EliteBook 840;"14.0""";4GB;256GB;Windows;Синий
HP;15-BS103nv (i5-8250U/6GB/256GB/Radeon;"15.6""";6GB;256GB;Windows;Синий
Lenovo;Yoga 520-14IKB;"14.0""";4GB;256GB;Windows;Белый
Asus;ZenBook Flip;"13.3""";8GB;256GB;Windows;Желтый
Dell;Inspiron 5579;"15.6""";8GB;256GB;Windows;Красный
Toshiba;Satellite Pro;"15.6""";4GB;500GB;Windows;Черный
Asus;X555BP-XX180T (A9-9420/4GB/1TB/Radeon;"15.6""";4GB;1TB;Windows;Серый
Acer;Aspire A517-51G;"17.3""";4GB;256GB;Windows;Серебристый
Dell;Inspiron 3576;"15.6""";8GB;256GB;Windows;Серый
Lenovo;Legion Y520-15IKBN;"15.6""";16GB;256GB;Windows;Желтый
Acer;Aspire A315-31;"15.6""";4GB;1TB;Windows;Красный
MSI;GE63VR 7RE;"15.6""";16GB;256GB;Windows;Серебристый
Acer;Aspire 3;"15.6""";4GB;1TB;Windows;Черный
Dell;Inspiron 5577;"15.6""";8GB;128GB;Windows;Серый
Acer;Aspire A517-51G;"17.3""";8GB;256GB;Windows;Синий
HP;ProBook 430;"13.3""";4GB;500GB;Windows;Синий
Huawei;MateBook X;"13.0""";8GB;256GB;Windows;Черный
HP;17-bs001nv (i5-7200U/6GB/2TB/Radeon;"17.3""";6GB;2TB;Windows;Белый
Lenovo;IdeaPad 320-15AST;"15.6""";4GB;500GB;No OS;Черный
Toshiba;Satellite Pro;"15.6""";4GB;500GB;Windows;Белый
HP;ProBook 470;"17.3""";8GB;256GB;Windows;Черный
Dell;Inspiron 3567;"15.6""";8GB;1TB;Windows;Белый
Acer;Aspire A315-51;"15.6""";4GB;128GB;Windows;Серый
MSI;GT80S 6QF-074US;"18.4""";32GB;512GB;Windows;Красный
Lenovo;V310-15IKB (i5-7200U/8GB/1TB;"15.6""";8GB;128GB;Windows;Синий
HP;Spectre x360;"13.3""";8GB;256GB;Windows;Серый
Dell;Inspiron 5570;"15.6""";16GB;256GB;Linux;Серый
Dell;XPS 13;"13.3""";8GB;256GB;Windows;Синий
Lenovo;Yoga 920-13IKB;"13.9""";16GB;512GB;Windows;Красный
Toshiba;Satellite Pro;"15.6""";8GB;128GB;Windows;Серебристый
Xiaomi;Mi Notebook;"15.6""";8GB;256GB;No OS;Синий
Dell;Inspiron 7773;"17.3""";16GB;512GB;Windows;Белый
Dell;XPS 15;"15.6""";16GB;512GB;Windows;Серый
Lenovo;Legion Y520-15IKBN;"15.6""";8GB;256GB;No OS;Серый
Acer;Swift 7;"13.3""";8GB;256GB;Windows;Черный
Dell;Inspiron 5770;"17.3""";8GB;128GB;Windows;Белый
Lenovo;Thinkpad Yoga;"14.0""";16GB;1TB;Windows;Белый
Vero;K147 (N3350/4GB/32GB/FHD/W10);"14.0""";4GB;32GB;Windows;Голубой
Xiaomi;Mi Notebook;"13.3""";8GB;256GB;No OS;Серый
Lenovo;IdeaPad 320-17IKBR;"17.3""";8GB;256GB;No OS;Серебристый
Dell;Inspiron 5379;"13.3""";8GB;1TB;Windows;Белый
HP;ProBook 470;"17.3""";8GB;1TB;Windows;Серебристый
Razer;Blade Pro;"17.3""";32GB;1TB;Windows;Красный
HP;ProBook 430;"13.3""";8GB;512GB;Windows;Синий
HP;Omen 17-W295;"17.3""";16GB;256GB;Windows;Желтый
HP;Probook 470;"17.3""";8GB;256GB;Windows;Синий
Dell;Inspiron 7577;"15.6""";16GB;512GB;Windows;Серебристый
Lenovo;V110-15ISK (i5-6200U/4GB/128GB/W10);"15.6""";4GB;128GB;Windows;Синий
Acer;Aspire E5-576G;"15.6""";8GB;1TB;Windows;Красный
Lenovo;Legion Y720-15IKB;"15.6""";16GB;512GB;Windows;Красный
Dell;Precision 7520;"15.6""";16GB;256GB;Windows;Черный
Lenovo;Legion Y520-15IKBN;"15.6""";16GB;512GB;No OS;Серый
Dell;Inspiron 3567;"15.6""";6GB;1TB;Windows;Серый
Dell;XPS 13;"13.3""";8GB;256GB;Windows;Белый
Dell;XPS 13;"13.3""";8GB;256GB;Windows;Голубой
Lenovo;IdeaPad 320-15IKBN;"15.6""";8GB;256GB;Windows;Голубой
Acer;Aspire 7;"15.6""";8GB;1TB;Linux;Желтый
Asus;ROG GL703VD-GC028T;"17.3""";16GB;256GB;Windows;Серебристый
HP;15-bs018nq (i3-6006U/4GB/500GB/FHD/No;"15.6""";4GB;500GB;No OS;Голубой
Lenovo;IdeaPad 320-15IKBN;"15.6""";8GB;256GB;No OS;Желтый
Huawei;MateBook X;"13.0""";8GB;512GB;Windows;Желтый
Dell;Inspiron 5370;"13.3""";8GB;256GB;Windows;Черный
Lenovo;IdeaPad 320-17IKB;"17.3""";8GB;1TB;No OS;Серый
HP;Probook 440;"14.0""";8GB;256GB;Windows;Серый
Dell;Latitude 5490;"14.0""";8GB;256GB;Windows;Черный
Dell;Inspiron 5379;"13.3""";16GB;512GB;Windows;Белый
Dell;Inspiron 3576;"15.6""";8GB;256GB;Linux;Синий
Lenovo;Yoga 520-14IKB;"14.0""";8GB;256GB;Windows;Серебристый
Toshiba;Portege Z30-C-16L;"13.3""";8GB;256GB;Windows;Белый
HP;ProBook 450;"15.6""";8GB;1TB;Windows;Серебристый
Dell;Alienware 17;"17.3""";16GB;256GB;Windows;Белый
Acer;Aspire E5-576G;"15.6""";8GB;256GB;Windows;Голубой
Dell;Inspiron 5567;"15.6""";16GB;1TB;Windows;Голубой
Asus;Vivobook X541UV-DM1217T;"15.6""";8GB;256GB;Windows;Серый
Asus;K756UX-T4340T (i5-7200U/8GB/500GB;"17.3""";8GB;256GB;Windows;Желтый
HP;ZBook 15u;"15.6""";8GB;1TB;Windows;Синий
Asus;Pro P2540UA-XO0198T;"15.6""";4GB;1TB;Windows;Серебристый
HP;15-rb013nv (E2-9000e/4GB/500GB/W10);"15.6""";4GB;500GB;Windows;Желтый
Lenovo;Legion Y720-15IKB;"15.6""";16GB;256GB;Windows;Синий
Dell;Vostro 5468;"14.0""";8GB;256GB;Windows;Красный
Acer;Aspire R7;"13.3""";8GB;256GB;Windows;Желтый
Dell;Inspiron 5567;"15.6""";16GB;256GB;Linux;Белый
Acer;Aspire A315-51;"15.6""";4GB;1TB;Linux;Серый
Asus;X555QG-DM242T (A10-9620P/4GB/1TB;"15.6""";4GB;128GB;Windows;Черный
Asus;ROG G703VI-E5062T;"17.3""";32GB;512GB;Windows;Голубой
Acer;Nitro AN515-51;"15.6""";8GB;256GB;Windows;Красный
Lenovo;IdeaPad 320-15ISK;"15.6""";8GB;128GB;Windows;Голубой
Asus;VivoBook Pro;"17.3""";8GB;128GB;Windows;Серебристый
Asus;F756UX-T4201D (i7-7500U/8GB/128GB;"17.3""";8GB;128GB;No OS;Красный
Dell;Inspiron 5577;"15.6""";8GB;256GB;Windows;Черный
Lenovo;Yoga 910-13IKB;"13.9""";8GB;256GB;Windows;Серебристый
Dell;Inspiron 5570;"15.6""";8GB;128GB;Windows;Черный
HP;15-bs015dx (i5-7200U/8GB/1TB/W10);"15.6""";8GB;1TB;Windows;Серый
Asus;Rog G701VIK-BA060T;"17.3""";16GB;256GB;Windows;Синий
HP;ProBook 430;"13.3""";4GB;500GB;Windows;Белый
Apple;MacBook Pro;"13.3""";8GB;512GB;macOS;Красный
Dell;Inspiron 5579;"15.6""";8GB;1TB;Windows;Красный
Asus;ROG G752VSK-GC493T;"17.3""";16GB;256GB;Windows;Желтый
Asus;X505BP-BR019T (A9-9420/4GB/1TB/Radeon;"15.6""";4GB;1TB;Windows;Голубой
Lenovo;Yoga 920-13IKB;"13.9""";8GB;512GB;Windows;Желтый
Acer;Aspire 5;"17.3""";4GB;256GB;Windows;Красный
Dell;Vostro 5370;"13.3""";8GB;256GB;Windows;Серый
HP;15-BW094nd (A6-9220/8GB/128GB/W10);"15.6""";8GB;128GB;Windows;Синий
HP;Envy 17-U275cl;"17.3""";16GB;1TB;Windows;Желтый
MSI;GT73EVR 7RE;"17.3""";16GB;512GB;Windows;Серый
Lenovo;Yoga 720-15IKB;"15.6""";8GB;512GB;Windows;Красный
Dell;Inspiron 5770;"17.3""";8GB;128GB;Windows;Белый
Lenovo;IdeaPad 320-15ISK;"15.6""";4GB;256GB;No OS;Белый
HP;ProBook 450;"15.6""";4GB;500GB;Windows;Серебристый
Dell;Vostro 3568;"15.6""";4GB;1TB;Windows;Синий
Dell;Inspiron 3567;"15.6""";8GB;1TB;Windows;Черный
Dell;Inspiron 5579;"15.6""";8GB;256GB;Windows;Черный
Asus;ZenBook Flip;"13.3""";8GB;512GB;Windows;Красный
Lenovo;IdeaPad 320-15IKBN;"15.6""";4GB;1TB;No OS;Голубой
HP;Probook 470;"17.3""";8GB;1TB;Windows;Белый
Lenovo;V330-15IKB (i7-8550U/8GB/256GB/FHD/W10);"15.6""";8GB;256GB;Windows;Серый
Apple;MacBook Pro;"13.3""";8GB;512GB;macOS;Желтый
Asus;Rog Strix;"17.3""";16GB;256GB;Windows;Красный
Dell;Inspiron 3576;"15.6""";8GB;256GB;Linux;Красный
Lenovo;ThinkPad X1;"14.0""";16GB;512GB;Windows;Голубой
Toshiba;Satellite Pro;"15.6""";8GB;500GB;Windows;Красный
Dell;Inspiron 5567;"15.6""";12GB;1TB;Windows;Красный
Dell;Inspiron 5770;"17.3""";8GB;128GB;Linux;Голубой
Acer;Aspire A515-51G;"15.6""";8GB;1TB;Windows;Белый
Lenovo;IdeaPad 320-17ISK;"17.3""";4GB;1TB;Windows;Черный
Lenovo;IdeaPad 320-17IKBR;"17.3""";8GB;2TB;No OS;Синий
Lenovo;IdeaPad 320-17IKB;"17.3""";6GB;128GB;Windows;Серебристый
Dell;Inspiron 3567;"15.6""";4GB;1TB;Linux;Красный
Lenovo;Legion Y520-15IKBN;"15.6""";8GB;256GB;Windows;Серый
Lenovo;Ideapad 320-15IKBN;"15.6""";6GB;256GB;Windows;Красный
Acer;Aspire A517-51G;"15.6""";8GB;256GB;Windows;Желтый
Acer;SP315-51 (i7-7500U/12GB/1TB/FHD/W10);"15.6""";12GB;1TB;Windows;Белый
Lenovo;Thinkpad T570;"15.6""";8GB;256GB;Windows;Серебристый
Asus;VivoBook S15;"15.6""";8GB;256GB;Windows;Желтый
Lenovo;Legion Y520-15IKBN;"15.6""";16GB;256GB;Windows;Черный
Lenovo;IdeaPad 320-15IKB;"15.6""";8GB;1TB;No OS;Черный
Acer;Chromebook C910-C2ST;"15.6""";2GB;16GB;Chrome OS;Серый
Asus;FX753VD-GC071T (i7-7700HQ/8GB/1TB/GeForce;"17.3""";8GB;1TB;Windows;Синий
HP;17-BS037cl (i3-6006U/8GB/1TB/W10);"17.3""";8GB;1TB;Windows;Голубой
Dell;XPS 15;"15.6""";8GB;256GB;Windows;Серебристый
Lenovo;V330-15IKB (i5-8250U/8GB/256GB/FHD/W10);"15.6""";8GB;256GB;Windows;Синий
Lenovo;Legion Y720-15IKB;"15.6""";8GB;1TB;Windows;Серый
Acer;Aspire A715-71G;"15.6""";8GB;256GB;Linux;Белый
Dell;Precision 7720;"17.3""";16GB;256GB;Windows;Белый
Lenovo;IdeaPad 310-15ABR;"15.6""";6GB;1TB;Windows;Белый
Asus;ZenBook UX530UQ-PRO;"15.6""";16GB;512GB;Windows;Белый
Asus;VivoBook S14;"14.0""";4GB;128GB;Windows;Серебристый
Asus;Rog GL702VS-GC095T;"17.3""";16GB;256GB;Windows;Желтый
Lenovo;IdeaPad 320-17IKB;"17.3""";6GB;1TB;Windows;Белый
Lenovo;IdeaPad 320-15IKBN;"15.6""";8GB;2TB;No OS;Черный
Asus;GL553VE-FY082T (i7-7700HQ/8GB/1TB;"15.6""";8GB;128GB;Windows;Серебристый
Lenovo;IdeaPad 320-15IAP;"15.6""";4GB;1TB;No OS;Белый
HP;EliteBook x360;"13.3""";16GB;256GB;Windows;Черный
Toshiba;Satellite Pro;"15.6""";8GB;256GB;Windows;Голубой
Lenovo;IdeaPad 320-15IKB;"15.6""";8GB;128GB;Windows;Синий
HP;250 G6;"15.6""";4GB;1TB;Windows;Желтый
Lenovo;IdeaPad 720S-13IKB;"13.3""";8GB;256GB;Windows;Серый
Dell;XPS 13;"13.3""";16GB;1TB;Windows;Черный
MSI;GE63VR 7RF;"15.6""";16GB;256GB;Windows;Белый
Acer;ES1-523-84K7 (A8-7410/8GB/256GB/FHD/W10);"15.6""";8GB;256GB;Windows;Белый
Asus;VivoBook Flip;"11.6""";2GB;32GB;Windows;Голубой
Dell;Inspiron 5570;"15.6""";8GB;128GB;Windows;Красный
HP;Spectre x360;"13.3""";16GB;1TB;Windows;Синий
Lenovo;ThinkPad 13;"13.3""";4GB;16GB;Chrome OS;Красный
HP;ProBook 640;"14.0""";8GB;256GB;Windows;Синий
Acer;TravelMate B;"11.6""";4GB;128GB;Windows;Серебристый
HP;Elitebook 840;"14.0""";8GB;256GB;Windows;Белый
Lenovo;IdeaPad 320-17IKB;"17.3""";4GB;1TB;Windows;Синий
Asus;ZenBook UX410UA-GV183T;"14.0""";8GB;256GB;Windows;Голубой
HP;ProBook 450;"15.6""";8GB;1TB;Windows;Черный
Acer;Aspire 5;"15.6""";8GB;256GB;Windows;Серебристый
Lenovo;IdeaPad 120S-14IAP;"14.0""";4GB;32GB;Windows;Серый
Acer;Aspire E5-575;"15.6""";6GB;1TB;Windows;Черный
Asus;VivoBook S15;"15.6""";8GB;256GB;Windows;Черный
HP;Elitebook 820;"12.5""";8GB;256GB;Windows;Красный
Dell;XPS 15;"15.6""";32GB;1TB;Windows;Красный
MSI;GL72M 7REX;"17.3""";8GB;256GB;Windows;Желтый
Toshiba;Satellite Pro;"15.6""";8GB;256GB;Windows;Синий
Asus;UX510UX-CN269T (i7-7500U/8GB/256GB;"14.0""";8GB;256GB;Windows;Желтый
Lenovo;V310-15ISK (i3-6006U/4GB/1TB/FHD/W10);"15.6""";4GB;1TB;Windows;Белый
Asus;FX553VD-FY647T (i7-7700HQ/8GB/256GB/GeForce;"15.6""";8GB;256GB;Windows;Белый
HP;EliteBook 840;"14.0""";8GB;256GB;Windows;Серебристый
Dell;Inspiron 7570;"15.6""";8GB;128GB;Windows;Красный
HP;Elitebook 850;"15.6""";8GB;256GB;Windows;Серебристый
Asus;X541NA (N3350/4GB/1TB/Linux);"15.6""";4GB;1TB;Linux;Желтый
Dell;Inspiron 7570;"15.6""";8GB;256GB;Windows;Серебристый
Dell;Inspiron 3552;"15.6""";4GB;500GB;Linux;Красный
Lenovo;IdeaPad 320-15ABR;"15.6""";12GB;2TB;Windows;Серый
HP;ProBook 450;"15.6""";8GB;1TB;Windows;Красный
Lenovo;Yoga 920-13IKB;"13.9""";16GB;512GB;Windows;Черный
Dell;XPS 13;"13.3""";8GB;256GB;Windows;Белый
Lenovo;Legion Y520-15IKBN;"15.6""";16GB;256GB;Windows;Серебристый
HP;Stream 14-AX001nv;"14.0""";2GB;32GB;Windows;Серебристый
Dell;Latitude 5590;"15.6""";16GB;512GB;Windows;Синий
Asus;VivoBook Flip;"11.6""";4GB;32GB;Windows;Голубой
Dell;Inspiron 5570;"15.6""";8GB;1TB;Windows;Черный
Dell;XPS 15;"15.6""";16GB;512GB;Windows;Черный
HP;Elitebook 850;"15.6""";8GB;256GB;Windows;Желтый
MSI;GP72MVR 7RFX;"17.3""";8GB;128GB;Windows;Белый
HP;Zbook 15;"15.6""";8GB;256GB;Windows;Голубой
Toshiba;Tecra A50-C-21G;"15.6""";16GB;512GB;Windows;Белый
Dell;Inspiron 5570;"15.6""";8GB;128GB;Windows;Голубой
Lenovo;IdeaPad 320-15IAP;"15.6""";4GB;1TB;No OS;Желтый
Dell;Inspiron 7577;"15.6""";8GB;1TB;Windows;Черный
Dell;Inspiron 3567;"15.6""";8GB;2TB;Windows;Белый
Dell;Latitude 7480;"14.0""";8GB;256GB;Windows;Красный
HP;250 G6;"15.6""";4GB;500GB;Windows;Синий
Asus;Zenbook UX410UA-GV027T;"14.0""";8GB;256GB;Windows;Желтый
Lenovo;IdeaPad 320-17IKB;"17.3""";6GB;128GB;Windows;Желтый
HP;250 G6;"15.6""";8GB;1TB;Windows;Черный
Lenovo;IdeaPad 320-15ISK;"15.6""";8GB;256GB;No OS;Голубой
HP;15-AY023na (N3710/8GB/2TB/W10);"15.6""";8GB;2TB;Windows;Желтый
Dell;Inspiron 5770;"17.3""";8GB;128GB;Windows;Желтый
Lenovo;Legion Y520-15IKBN;"15.6""";8GB;128GB;No OS;Голубой
Dell;Inspiron 5567;"15.6""";8GB;256GB;Windows;Красный
HP;Elitebook 1040;"14.0""";8GB;256GB;Windows;Красный
Asus;ZenBook Flip;"15.6""";12GB;512GB;Windows;Серебристый
Acer;Aspire 3;"15.6""";4GB;128GB;Windows;Синий
Asus;Rog Strix;"17.3""";16GB;256GB;Windows;Синий
Lenovo;IdeaPad 110-17ACL;"17.3""";4GB;128GB;Windows;Красный
Dell;Inspiron 5379;"13.3""";8GB;256GB;Windows;Серый
HP;15-bw003nv (A9-Series-9420/4GB/256GB/FHD/W10);"15.6""";4GB;256GB;Windows;Серый
Lenovo;Yoga 11e;"11.6""";4GB;128GB;Windows;Красный
Dell;Inspiron 3552;"15.6""";4GB;500GB;Windows;Серый
Asus;VivoBook E403NA;"14.0""";4GB;32GB;Windows;Красный
Acer;Aspire 7;"15.6""";8GB;1TB;Linux;Красный
HP;Omen 17-w212nv;"17.3""";8GB;128GB;Windows;Синий
Lenovo;V310-15ISK (i3-6006U/4GB/128GB/FHD/No;"15.6""";4GB;128GB;No OS;Серебристый
Asus;ROG Strix;"15.6""";8GB;128GB;Windows;Белый
Lenovo;IdeaPad 720S-14IKB;"14.0""";8GB;256GB;Windows;Серый
Asus;Zenbook Flip;"13.3""";16GB;512GB;Windows;Серебристый
Lenovo;Thinkpad X1;"14.0""";8GB;512GB;Windows;Желтый
Lenovo;Ideapad 510S-13IKB;"13.3""";4GB;128GB;Windows;Серый
Dell;Precision 3510;"15.6""";8GB;500GB;Windows;Черный
Dell;Precision 5520;"15.6""";8GB;256GB;Windows;Голубой
Lenovo;ThinkPad X1;"14.0""";16GB;512GB;Windows;Желтый
Asus;Rog GL753VD-GC042T;"17.3""";8GB;1TB;Windows;Желтый
Asus;Rog GL753VE-GC070T;"17.3""";16GB;256GB;Windows;Желтый
Acer;Aspire 5;"15.6""";12GB;1TB;Windows;Серебристый
MSI;Leopard GP72M;"17.3""";8GB;256GB;Windows;Голубой
Dell;Inspiron 5567;"15.6""";8GB;256GB;Linux;Красный
HP;15-BW004nv (A9-9420/4GB/256GB/Radeon;"15.6""";4GB;256GB;Windows;Серебристый
Lenovo;ThinkPad E580;"15.6""";8GB;256GB;Windows;Голубой
Lenovo;ThinkPad L470;"14.0""";8GB;256GB;Windows;Белый
Dell;Precision M5520;"15.6""";8GB;256GB;Windows;Черный
Lenovo;Thinkpad X1;"14.0""";16GB;1TB;Windows;Красный
Lenovo;IdeaPad 320-15IAP;"15.6""";4GB;1TB;Windows;Черный
Asus;FX753VD-GC461T (i7-7700HQ/16GB/1TB;"17.3""";16GB;256GB;Windows;Синий
Lenovo;ThinkPad E580;"15.6""";8GB;256GB;Windows;Голубой
Acer;Aspire 7;"15.6""";8GB;256GB;Linux;Серый
MSI;GE73VR 7RF;"17.3""";16GB;256GB;Windows;Голубой
Asus;Zenbook 3;"14.0""";8GB;512GB;Windows;Серый
Toshiba;Portege Z30-C-16P;"13.3""";16GB;512GB;Windows;Серый
Dell;Latitude 7480;"14.0""";8GB;512GB;Windows;Голубой
Lenovo;IdeaPad 320-15ISK;"15.6""";4GB;500GB;Windows;Красный
Lenovo;Lenovo IdeaPad;"11.6""";2GB;32GB;Windows;Синий
Lenovo;ThinkPad P51;"15.6""";8GB;512GB;Windows;Серый
Lenovo;Thinkpad T470p;"14.0""";8GB;512GB;Windows;Голубой
HP;15-BS028nv (i3-6006U/4GB/1TB/Radeon;"15.6""";4GB;1TB;Windows;Голубой
Acer;Aspire R7;"13.3""";8GB;256GB;Windows;Черный
Asus;ZenBook Flip;"13.3""";8GB;256GB;Windows;Серый
Dell;Inspiron 3567;"15.6""";4GB;256GB;Linux;Красный
Dell;Latitude 3380;"13.3""";4GB;128GB;Windows;Красный
HP;EliteBook 1040;"14.0""";8GB;256GB;Windows;Серебристый
Dell;Inspiron 3567;"15.6""";8GB;1TB;Windows;Голубой
Lenovo;ThinkPad E480;"14.0""";8GB;256GB;Windows;Желтый
Lenovo;Yoga 720-15IKB;"15.6""";16GB;512GB;Windows;Синий
Chuwi;LapBook 12.3;"12.3""";6GB;64GB;Windows;Желтый
HP;ProBook 650;"15.6""";8GB;256GB;Windows;Белый
Asus;X542UQ-DM117 (i3-7100U/8GB/1TB/GeForce;"15.6""";8GB;1TB;Linux;Серебристый
Dell;Alienware 17;"17.3""";16GB;256GB;Windows;Черный
Dell;Inspiron 7577;"15.6""";8GB;128GB;Windows;Черный
Dell;Inspiron 5570;"15.6""";8GB;256GB;Windows;Синий
Dell;Latitude 5480;"14.0""";8GB;256GB;Linux;Белый
HP;Omen 17-w207nv;"17.3""";12GB;256GB;Windows;Белый
Mediacom;FlexBook Edge;"11.6""";4GB;32GB;Windows;Белый
Samsung;Chromebook 3;"11.6""";4GB;16GB;Chrome OS;Голубой
Lenovo;Thinkpad 13;"13.3""";8GB;256GB;Windows;Красный
Lenovo;IdeaPad 320s-14IKB;"14.0""";4GB;128GB;Windows;Серебристый
Lenovo;Thinkpad T570;"15.6""";16GB;512GB;Windows;Черный
Lenovo;Thinkpad P51;"15.6""";16GB;512GB;Windows;Голубой
Asus;Rog Strix;"17.3""";8GB;256GB;Windows;Красный
HP;15-ra044nv (N3060/4GB/500GB/W10);"15.6""";4GB;500GB;Windows;Красный
Google;Pixelbook (Core;"12.3""";16GB;512GB;Chrome OS;Серый
Lenovo;ThinkPad T470s;"14.0""";24GB;512GB;Windows;Синий
Asus;VivoBook Max;"15.6""";4GB;256GB;Linux;Синий
Lenovo;IdeaPad 320-15AST;"17.3""";8GB;1TB;Windows;Голубой
Dell;Inspiron 5570;"15.6""";4GB;256GB;Windows;Желтый
Lenovo;ThinkPad X270;"12.5""";8GB;256GB;Windows;Голубой
Lenovo;IdeaPad 320-15IAP;"15.6""";4GB;128GB;Windows;Желтый
HP;Omen 15-AX205na;"15.6""";8GB;128GB;Windows;Желтый
Dell;Latitude 5480;"14.0""";8GB;256GB;Windows;Красный
Acer;Aspire ES1-572;"15.6""";4GB;500GB;Linux;Красный
Dell;Precision 3520;"15.6""";8GB;64GB;Windows;Серебристый
MSI;GV62 7RD-1686NL;"15.6""";8GB;256GB;Windows;Черный
Microsoft;Surface Laptop;"13.5""";16GB;512GB;Windows;Синий
HP;15-bs024nv (i5-7200U/8GB/128GB/W10);"15.6""";8GB;128GB;Windows;Белый
Dell;Precision 3520;"15.6""";16GB;256GB;Windows;Синий
HP;ProBook 650;"15.6""";8GB;512GB;Windows;Красный
Lenovo;ThinkPad T470;"14.0""";8GB;256GB;Windows;Желтый
Dell;Inspiron 5570;"15.6""";8GB;128GB;Windows;Синий
Dell;Inspiron 3168;"11.6""";4GB;500GB;Windows;Желтый
Dell;Alienware 17;"17.3""";8GB;1TB;Windows;Голубой
Microsoft;Surface Laptop;"13.5""";4GB;128GB;Windows;Красный
Microsoft;Surface Laptop;"13.5""";8GB;256GB;Windows;Серый
HP;17-BS092ND (i3-6006U/8GB/256GB/W10);"17.3""";8GB;256GB;Windows;Черный
Acer;Aspire E5-576G;"15.6""";4GB;1TB;Windows;Белый
Acer;TravelMate B;"11.6""";4GB;128GB;Windows;Серый
Asus;Pro P2540UA-AB51;"15.6""";8GB;1TB;Windows;Голубой
Lenovo;IdeaPad 510s-14IKB;"14.0""";8GB;512GB;No OS;Голубой
Lenovo;Thinkpad P51;"15.6""";8GB;256GB;Windows;Желтый
Asus;X541NA-PD1003Y (N4200/4GB/500GB/W10);"15.6""";4GB;500GB;Windows;Белый
Acer;Aspire 5;"15.6""";4GB;500GB;Windows;Синий
Dell;Inspiron 5570;"15.6""";8GB;2TB;Windows;Белый
HP;Omen 17-an006nv;"17.3""";12GB;1TB;Windows;Серый
Lenovo;Thinkpad T460s;"14.0""";12GB;256GB;Windows;Красный
HP;Spectre x360;"13.3""";8GB;512GB;Windows;Синий
HP;ZBook 15u;"15.6""";8GB;500GB;Windows;Синий
Google;Pixelbook (Core;"12.3""";8GB;128GB;Chrome OS;Красный
Dell;Latitude 7390;"13.3""";8GB;256GB;Windows;Белый
Asus;ZenBook Pro;"15.6""";12GB;128GB;Windows;Серый
Dell;Latitude E5470;"14.0""";8GB;128GB;Windows;Красный
Dell;Precision M5520;"15.6""";8GB;256GB;Windows;Серебристый
Lenovo;Thinkpad T470;"14.0""";8GB;1GB;Windows;Серый
Dell;Inspiron 3576;"15.6""";8GB;1TB;Windows;Желтый
Toshiba;Portege X30-D-10J;"13.3""";8GB;256GB;Windows;Серый
Dell;Inspiron 7570;"15.6""";8GB;512GB;Windows;Желтый
Dell;Vostro 3568;"15.6""";4GB;1TB;Windows;Серебристый
HP;ProBook 430;"13.3""";4GB;128GB;Windows;Черный
Chuwi;Lapbook 15,6;"15.6""";4GB;64GB;Windows;Желтый
Lenovo;ThinkPad E570;"15.6""";4GB;128GB;Windows;Голубой
Lenovo;ThinkPad E480;"14.0""";8GB;256GB;Windows;Черный
Dell;Precision 3520;"15.6""";16GB;512GB;Windows;Желтый
Dell;XPS 15;"15.6""";16GB;512GB;Windows;Желтый
Lenovo;Thinkpad X270;"12.5""";16GB;512GB;Windows;Синий
Asus;Zenbook UX390UA;"12.5""";16GB;512GB;Windows;Голубой
Lenovo;Thinkpad E570;"15.6""";8GB;256GB;Windows;Серый
Toshiba;Portege X30-D-10L;"13.3""";32GB;512GB;Windows;Черный
Asus;VivoBook Pro;"15.6""";8GB;128GB;Windows;Серый
Acer;Aspire 5;"15.6""";8GB;1TB;Windows;Голубой
Asus;Rog G752VL-UH71T;"17.3""";24GB;256GB;Windows;Белый
Lenovo;Thinkpad X260;"12.5""";8GB;1GB;Windows;Черный
Lenovo;Ideapad 520-15IKBR;"15.6""";8GB;256GB;Windows;Серебристый
HP;EliteBook 840;"14.0""";8GB;1TB;Windows;Синий
Lenovo;ThinkPad 13;"13.3""";8GB;256GB;Windows;Красный
Lenovo;ThinkPad L570;"15.6""";8GB;256GB;Windows;Красный
Asus;VivoBook E201NA;"11.6""";4GB;64GB;Windows;Красный
HP;15-BS026nv (i5-7200U/8GB/256GB/Radeon;"15.6""";8GB;256GB;Windows;Желтый
Lenovo;Yoga 920-13IKB;"13.9""";8GB;256GB;Windows;Серебристый
Lenovo;IdeaPad 320-14IAP;"14.0""";4GB;500GB;Windows;Красный
Lenovo;Chromebook N23;"11.6""";4GB;16GB;Chrome OS;Синий
Lenovo;ThinkPad 13;"13.3""";8GB;256GB;Windows;Белый
Asus;ZenBook UX510UX-CN211T;"15.6""";8GB;256GB;Windows;Черный
Acer;Aspire A515-51G-59QF;"15.6""";4GB;1TB;Windows;Серебристый
HP;Envy 13-AB002nv;"13.3""";8GB;512GB;Windows;Серебристый
Lenovo;Legion Y520-15IKBN;"15.6""";8GB;256GB;No OS;Серый
Dell;XPS 13;"13.3""";8GB;128GB;Windows;Желтый
Acer;Aspire A515-51G;"15.6""";4GB;500GB;Windows;Серебристый
Dell;Vostro 5568;"15.6""";8GB;1TB;Windows;Черный
Dell;Inspiron 5570;"15.6""";16GB;256GB;Windows;Серебристый
Xiaomi;Mi Notebook;"15.6""";16GB;256GB;No OS;Белый
Asus;VivoBook E12;"11.6""";2GB;32GB;Windows;Желтый
HP;15-bs190od (i5-8250U/4GB/1TB/W10);"15.6""";4GB;1TB;Windows;Белый
Asus;ROG Zephyrus;"15.6""";24GB;512GB;Windows;Красный
HP;Probook 450;"15.6""";8GB;256GB;Windows;Белый
Asus;FX753VE-GC155T (i7-7700HQ/16GB/1TB;"17.3""";16GB;256GB;Windows;Синий
Lenovo;Legion Y720-15IKB;"15.6""";8GB;256GB;Windows;Красный
HP;Spectre X360;"13.3""";8GB;256GB;Windows;Белый
Dell;Latitude 5480;"14.0""";8GB;256GB;Windows;Серебристый
HP;ProBook 440;"15.6""";4GB;128GB;Windows;Красный
Dell;Inspiron 5770;"17.3""";8GB;128GB;Linux;Красный
Lenovo;ThinkPad L470;"14.0""";8GB;256GB;Windows;Голубой
Lenovo;IdeaPad 320-15IKB;"15.6""";4GB;1TB;Windows;Серый
Lenovo;IdeaPad 320-15ISK;"15.6""";8GB;2TB;No OS;Красный
Dell;Inspiron 3567;"15.6""";4GB;500GB;Windows;Желтый
Dell;Latitude 5580;"15.6""";8GB;256GB;Windows;Серый
Dell;Alienware 17;"17.3""";16GB;128GB;Windows;Красный
Toshiba;Satellite Pro;"15.6""";8GB;500GB;Windows;Желтый
Asus;Zenbook UX510UW-FI095T;"15.6""";8GB;256GB;Windows;Черный
Mediacom;SmartBook Edge;"13.3""";4GB;32GB;Windows;Серый
Asus;ROG Strix;"15.6""";8GB;128GB;Windows;Серебристый
Dell;Latitude 5580;"15.6""";8GB;256GB;Windows;Серый
Dell;Inspiron 5570;"15.6""";8GB;256GB;Windows;Серебристый
HP;250 G6;"15.6""";4GB;256GB;Windows;Голубой
HP;Omen 15-ce006nv;"17.3""";12GB;1TB;Windows;Голубой
Lenovo;Thinkpad E470;"14.0""";8GB;256GB;Windows;Синий
Dell;XPS 13;"13.3""";8GB;256GB;Windows;Черный
Dell;Vostro 5468;"14.0""";4GB;128GB;Windows;Красный
HP;Envy 13-AB020nr;"13.3""";8GB;256GB;Windows;Серый
Acer;Aspire 7;"15.6""";8GB;1TB;Linux;Черный
Asus;VivoBook X540YA-XX519T;"15.6""";4GB;500GB;Windows;Белый
HP;ProBook 450;"15.6""";4GB;128GB;Windows;Синий
Lenovo;ThinkPad E470;"14.0""";4GB;500GB;Windows;Желтый
Lenovo;V310-15ISK (i5-6200U/4GB/1TB/FHD/No;"15.6""";4GB;1TB;No OS;Синий
HP;250 G6;"15.6""";4GB;500GB;Windows;Красный
Lenovo;ThinkPad T570;"15.6""";8GB;512GB;Windows;Синий
Lenovo;IdeaPad 320-15ISK;"15.6""";4GB;128GB;Windows;Серый
Dell;Latitude 5580;"15.6""";8GB;256GB;Windows;Серебристый
Dell;Alienware 17;"17.3""";16GB;256GB;Windows;Красный
HP;17-X047na (i3-6006U/8GB/1TB/W10);"17.3""";8GB;1TB;Windows;Белый
HP;ProBook 470;"17.3""";8GB;1TB;Windows;Черный
Asus;A541NA-GO342 (N3350/4GB/500GB/Linux);"15.6""";4GB;500GB;Linux;Голубой
Mediacom;SmartBook 130;"13.3""";4GB;32GB;Windows;Синий
Lenovo;IdeaPad 320-17IKB;"17.3""";6GB;128GB;Windows;Белый
HP;15-bw007nv (A10-9620P/6GB/128GB/Radeon;"15.6""";6GB;128GB;Windows;Серый
Dell;Vostro 3568;"15.6""";4GB;1TB;Windows;Серый
Acer;Spin SP111-31;"11.6""";4GB;32GB;Windows;Серый
Lenovo;V330-15IKB (i3-7130U/4GB/128GB/FHD/W10);"15.6""";4GB;128GB;Windows;Красный
HP;EliteBook 1030;"13.3""";16GB;512GB;Windows;Белый
Lenovo;Thinkpad P71;"17.3""";8GB;256GB;Windows;Красный
Asus;FX553VD-DM627T (i5-7300HQ/8GB/1TB;"15.6""";8GB;128GB;Windows;Черный
Dell;XPS 13;"13.3""";8GB;128GB;Windows;Белый
Dell;Latitude 5580;"15.6""";4GB;500GB;Windows;Серый
Fujitsu;Lifebook A557;"15.6""";8GB;1TB;Windows;Белый
Lenovo;IdeaPad 320-15IAP;"15.6""";4GB;500GB;Windows;Белый
Lenovo;ThinkPad L470;"14.0""";4GB;500GB;Windows;Синий
HP;ZBook 17;"17.3""";8GB;500GB;Windows;Голубой
HP;14-am079na (N3710/8GB/2TB/W10);"14.0""";8GB;2TB;Windows;Синий
HP;15-cd005nv (A9-9420/6GB/256GB/Radeon;"15.6""";6GB;256GB;Windows;Красный
Lenovo;Thinkpad E570;"15.6""";8GB;256GB;Windows;Голубой
Lenovo;V330-15IKB (i5-8250U/4GB/500GB/FHD/W10);"15.6""";4GB;500GB;Windows;Красный
Mediacom;SmartBook 141;"14.0""";4GB;32GB;Windows;Синий
Toshiba;Tecra X40-D-10H;"14.0""";16GB;512GB;Windows;Белый
Lenovo;IdeaPad Y910-17ISK;"17.3""";32GB;256GB;Windows;Синий
MSI;GT73VR Titan;"17.3""";16GB;512GB;Windows;Серебристый
Dell;Inspiron 3567;"15.6""";8GB;256GB;Linux;Красный
Mediacom;SmartBook Edge;"14.0""";4GB;32GB;Windows;Черный
Dell;Latitude 5580;"15.6""";8GB;500GB;Windows;Серый
HP;ProBook 430;"13.3""";4GB;128GB;Windows;Синий
Dell;Latitude 5580;"15.6""";16GB;256GB;Windows;Красный
Dell;Chromebook 11;"11.6""";4GB;16GB;Chrome OS;Серебристый
MSI;GT80S 6QE;"17.3""";16GB;128GB;Windows;Голубой
HP;Omen 17-AN010nv;"17.3""";16GB;256GB;Windows;Белый
Lenovo;Thinkpad T460s;"14.0""";12GB;256GB;Windows;Красный
Lenovo;Ideapad 320-15IKBR;"15.6""";12GB;1TB;Windows;Красный
Asus;ROG Strix;"17.3""";8GB;128GB;Windows;Серебристый
Asus;TP501UA-CJ131T (i5-7200U/8GB/1TB/W10);"15.6""";8GB;1TB;Windows;Желтый
Lenovo;IdeaPad 320-15ABR;"15.6""";12GB;512GB;Windows;Серебристый
Dell;Inspiron 3179;"11.6""";4GB;128GB;Windows;Черный
Samsung;Notebook Odyssey;"15.6""";16GB;128GB;Windows;Белый
Lenovo;V320-17ISK (i3-6006U/4GB/500GB/FHD/No;"17.3""";4GB;500GB;No OS;Серебристый
Lenovo;IdeaPad 110-15ISK;"15.6""";8GB;1TB;Windows;Красный
Lenovo;ThinkPad Yoga;"13.3""";8GB;512GB;Windows;Белый
Lenovo;Thinkpad T470p;"14.0""";8GB;256GB;Windows;Красный
Dell;Latitude 5289;"12.5""";8GB;256GB;Windows;Черный
Dell;Precision 3520;"15.6""";8GB;256GB;Windows;Серебристый
HP;EliteBook 850;"15.6""";8GB;256GB;Windows;Голубой
HP;ProBook 450;"15.6""";4GB;500GB;Windows;Черный
Acer;Aspire 1;"14.0""";4GB;32GB;Windows;Красный
MSI;Laptop MSI;"17.3""";16GB;128GB;Windows;Голубой
Dell;Vostro 3568;"15.6""";4GB;1TB;Linux;Красный
MSI;GS63VR 7RF;"15.6""";16GB;256GB;Windows;Серебристый
Toshiba;Tecra Z50-C-144;"15.6""";8GB;256GB;Windows;Серебристый
Lenovo;IdeaPad 310-15IKB;"15.6""";6GB;1TB;Windows;Желтый
Lenovo;Yoga 720-15IKB;"15.6""";8GB;256GB;Windows;Серый
Acer;Swift SF114-31-P5HY;"14.0""";4GB;128GB;Windows;Голубой
Lenovo;Thinkpad P51;"15.6""";32GB;1TB;Windows;Серый
Dell;Inspiron 7559;"15.6""";16GB;1TB;Windows;Белый
Dell;Vostro 3568;"15.6""";4GB;1TB;Linux;Серебристый
Dell;Inspiron 3567;"15.6""";4GB;1TB;Linux;Серебристый
Dell;Latitude 5580;"15.6""";4GB;500GB;Linux;Черный
Asus;FX753VD-GC007T (i7-7700HQ/8GB/1TB;"17.3""";8GB;128GB;Windows;Черный
Dell;Vostro 3568;"15.6""";4GB;128GB;Linux;Черный
HP;EliteBook 850;"15.6""";8GB;512GB;Windows;Серебристый
MSI;GT62VR 7RE;"15.6""";16GB;256GB;Windows;Синий
Acer;CB5-132T-C9KK (N3160/4GB/32GB/Chrome;"11.6""";4GB;32GB;Chrome OS;Черный
HP;ProBook 650;"14.0""";8GB;256GB;Windows;Красный
Lenovo;ThinkPad T470;"14.0""";8GB;256GB;Windows;Желтый
Dell;Inspiron 5570;"15.6""";4GB;1TB;Windows;Белый
Fujitsu;LifeBook A557;"15.6""";8GB;256GB;Windows;Серебристый
HP;EliteBook 850;"15.6""";4GB;500GB;Windows;Красный
Lenovo;IdeaPad 320-15IKB;"15.6""";8GB;1TB;Windows;Серый
Mediacom;SmartBook 140;"14.0""";2GB;32GB;Windows;Желтый
Lenovo;IdeaPad 320-15IKBN;"15.6""";4GB;128GB;No OS;Серебристый
Asus;Q304UA-BHI5T11 (i5-7200U/6GB/1TB/FHD/W10);"13.3""";6GB;1TB;Windows;Серебристый
Dell;XPS 15;"15.6""";8GB;256GB;Windows;Черный
Asus;ZenBook 3;"14.0""";16GB;512GB;Windows;Голубой
Dell;Inspiron 7567;"15.6""";16GB;256GB;Windows;Серебристый
Lenovo;V330-15IKB (i5-8250U/4GB/256GB/FHD/W10);"15.6""";4GB;256GB;Windows;Красный
Lenovo;Ideapad 320-15ISK;"15.6""";4GB;1TB;Windows;Черный
Asus;X541NA-GO414T (N3350/8GB/1TB/W10);"15.6""";8GB;1TB;Windows;Черный
Asus;VivoBook Pro;"15.6""";8GB;1TB;Windows;Синий
Dell;XPS 13;"13.3""";8GB;256GB;Windows;Синий
Lenovo;IdeaPad 100S-14IBR;"14.0""";2GB;32GB;Windows;Белый
Lenovo;Thinkpad Yoga;"13.3""";8GB;256GB;Windows;Синий
Dell;XPS 15;"15.6""";16GB;1TB;Windows;Серебристый
Lenovo;Legion Y520-15IKBN;"15.6""";8GB;128GB;Windows;Желтый
HP;17-AK091ND (A9-9420/8GB/1TB/W10);"17.0""";8GB;1TB;Windows;Голубой
Lenovo;ThinkPad X1;"14.0""";16GB;512GB;Windows;Белый
Asus;ROG GL553VE-FY022;"15.6""";8GB;1TB;No OS;Синий
Acer;Extensa EX2540;"15.6""";4GB;500GB;Windows;Синий
Lenovo;IdeaPad 100S-14IBR;"14.0""";4GB;32GB;Windows;Желтый
Acer;Swift 3;"14.0""";8GB;256GB;Windows;Белый
Razer;Blade Pro;"14.0""";16GB;256GB;Windows;Серый
Toshiba;Portege Z30-C-16J;"13.3""";8GB;256GB;Windows;Красный
Lenovo;Thinkpad X270;"12.5""";8GB;256GB;Windows;Черный
Asus;ROG G701VI;"17.3""";32GB;512GB;Windows;Серебристый
Acer;A715-71G-59DH (i5-7300HQ/8GB/1TB/GeForce;"15.6""";8GB;1TB;Linux;Красный
Dell;XPS 13;"13.3""";8GB;256GB;Windows;Серый
MSI;GL62M 7REX;"15.6""";8GB;128GB;Windows;Голубой
HP;250 G6;"15.6""";4GB;500GB;No OS;Серебристый
Toshiba;Tecra A50-D-11M;"15.6""";8GB;500GB;Windows;Синий
Dell;Inspiron 5570;"15.6""";8GB;256GB;Windows;Голубой
Dell;Inspiron 5570;"15.6""";16GB;256GB;Windows;Черный
Lenovo;IdeaPad Y700-15ISK;"15.6""";8GB;128GB;Windows;Серебристый
Dell;Alienware 17;"17.3""";32GB;512GB;Windows;Синий
Dell;Latitude E7470;"14.0""";8GB;256GB;Windows;Белый
Lenovo;Ideapad 320-15IAP;"15.6""";4GB;500GB;Windows;Серебристый
Lenovo;IdeaPad 320-15ISK;"15.6""";4GB;500GB;Windows;Белый
HP;15-ay047nv (i3-6006U/6GB/1TB/Radeon;"15.6""";6GB;1TB;Windows;Белый
MSI;GP72VR Leopard;"17.3""";8GB;128GB;Windows;Синий
Toshiba;Satellite Pro;"15.6""";4GB;128GB;Windows;Желтый
Dell;Latitude 3580;"15.6""";8GB;1TB;Windows;Серый
HP;15-bs012nv (i7-7500U/8GB/1TB/Radeon;"15.6""";8GB;1TB;Windows;Белый
Toshiba;Tecra Z50-D-10E;"15.6""";8GB;256GB;Windows;Желтый
Acer;Aspire 3;"15.6""";4GB;128GB;Linux;Серебристый
Microsoft;Surface Laptop;"13.5""";8GB;256GB;Windows;Красный
Lenovo;V310-15ISK (i5-7200U/8GB/1TB;"15.6""";8GB;128GB;Windows;Серый
Lenovo;Yoga 720-13IKB;"13.3""";8GB;256GB;Windows;Белый
Lenovo;IdeaPad 320-15AST;"15.6""";4GB;128GB;Windows;Серебристый
HP;Pavilion X360;"14.0""";4GB;128GB;Windows;Серебристый
MSI;GP62 7RDX;"15.6""";16GB;256GB;Windows;Серый
Asus;Zenbook 3;"14.0""";8GB;256GB;Windows;Желтый
HP;Chromebook X360;"11.6""";8GB;64GB;Chrome OS;Черный
LG;Gram 15Z975;"15.6""";8GB;512GB;Windows;Серебристый
Acer;Aspire VX5-591G;"15.6""";16GB;256GB;Windows;Красный
MSI;GV62M 7RD;"15.6""";8GB;256GB;Windows;Черный
Asus;L502NA-GO052T (N3350/4GB/128GB/W10);"15.6""";4GB;128GB;Windows;Синий
Dell;Alienware 15;"15.6""";16GB;128GB;Windows;Синий
HP;17-bs000nv I3;"17.3""";4GB;256GB;Windows;Серебристый
Lenovo;Yoga 730;"13.3""";8GB;512GB;Windows;Красный
Dell;Alienware 15;"15.6""";16GB;256GB;Windows;Белый
HP;250 G6;"15.6""";4GB;500GB;Windows;Красный
Dell;Inspiron 3567;"15.6""";4GB;1TB;Windows;Серебристый
HP;17-Y002nv (A10-9600P/6GB/2TB/Radeon;"17.3""";6GB;2TB;Windows;Белый
Lenovo;V110-15ISK (3855U/4GB/500GB/W10);"15.6""";4GB;500GB;Windows;Серебристый
Acer;Chromebook 14;"14.0""";4GB;32GB;Chrome OS;Серый
Lenovo;IdeaPad 520s-14IKB;"14.0""";4GB;256GB;Windows;Желтый
HP;ZBook 17;"17.3""";8GB;500GB;Windows;Голубой
Lenovo;ThinkPad X1;"14.0""";8GB;256GB;Windows;Серый
Toshiba;Satellite Pro;"13.3""";8GB;256GB;Windows;Голубой
Acer;TravelMate B117-M;"11.6""";4GB;32GB;Windows;Серебристый
Lenovo;Yoga 910-13IKB;"14.0""";16GB;512GB;Windows;Голубой
Asus;Chromebook Flip;"12.5""";4GB;64GB;Chrome OS;Серебристый
Toshiba;Portege Z30T-C-133;"13.3""";16GB;512GB;Windows;Красный
HP;15-bs011nv (i7-7500U/4GB/500GB/Radeon;"15.6""";4GB;500GB;Windows;Черный
Dell;Inspiron 5577;"15.6""";8GB;1TB;Windows;Серебристый
Lenovo;IdeaPad 320-15AST;"15.6""";4GB;256GB;Windows;Желтый
Lenovo;IdeaPad 320-15ABR;"15.6""";8GB;1TB;Windows;Красный
Lenovo;V310-15IKB (i5-7200U/4GB/1TB/FHD/W10);"15.6""";4GB;1TB;Windows;Черный
Lenovo;V310-15ISK (i3-6006U/4GB/500GB/No;"15.6""";4GB;500GB;No OS;Белый
Dell;Vostro 5568;"15.6""";8GB;256GB;Windows;Черный
Acer;Spin 5;"13.3""";8GB;256GB;Windows;Голубой
Lenovo;ThinkPad P51s;"15.6""";16GB;512GB;Windows;Серый
Lenovo;Thinkpad T460p;"14.0""";8GB;256GB;Windows;Красный
HP;17-ak002nv (A10-9620P/6GB/2TB/Radeon;"17.3""";6GB;2TB;Windows;Серый
Lenovo;Legion Y520-15IKBN;"15.6""";8GB;128GB;Windows;Белый
Dell;Latitude 5480;"14.0""";8GB;256GB;Linux;Желтый
Dell;Vostro 5568;"15.6""";8GB;1TB;Linux;Красный
Asus;VivoBook E403NA;"14.0""";4GB;32GB;Windows;Белый
Dell;Latitude 5580;"15.6""";16GB;512GB;Windows;Серебристый
Lenovo;Thinkpad E470;"14.0""";8GB;256GB;Windows;Красный
Dell;Latitude 5580;"15.6""";8GB;256GB;Windows;Черный
Lenovo;110-15ACL (A6-7310/4GB/500GB/W10);"15.6""";4GB;500GB;Windows;Серый
Mediacom;Smartbook 142;"14.0""";4GB;32GB;Windows;Белый
HP;ProBook 470;"17.3""";8GB;256GB;Windows;Черный
Lenovo;ThinkPad X1;"14.0""";8GB;512GB;Windows;Серебристый
HP;Pavilion X360;"13.3""";8GB;256GB;Windows;Желтый
Lenovo;ThinkPad T470s;"14.0""";8GB;256GB;Windows;Синий
Dell;Alienware 17;"17.3""";32GB;1TB;Windows;Красный
MSI;GL72M 7REX;"17.3""";8GB;128GB;Windows;Желтый
Lenovo;V310-15IKB (i5-7200U/4GB/1TB/No;"15.6""";4GB;1TB;No OS;Желтый
Dell;Inspiron 5570;"15.6""";8GB;128GB;Windows;Белый
Dell;Inspiron 5378;"13.3""";4GB;1TB;Windows;Серый
Dell;Inspiron 5567;"15.6""";8GB;1TB;Linux;Черный
HP;15-BW037na (A9-9420/4GB/1TB/Radeon;"15.6""";4GB;1TB;Windows;Голубой
Acer;Predator 17;"17.3""";16GB;128GB;Windows;Красный
Dell;Inspiron 3567;"15.6""";12GB;1TB;Windows;Красный
HP;15-BW091ND (A9-9420/6GB/1TB;"15.6""";6GB;128GB;Windows;Серый
Acer;Extensa EX2540-58KR;"15.6""";4GB;500GB;Windows;Синий
Lenovo;ThinkPad 13;"13.3""";8GB;256GB;Windows;Белый
Lenovo;V310-15IKB (i7-7500U/4GB/1TB/FHD/W10);"15.6""";4GB;1TB;Windows;Серый
HP;ZBook 15;"15.6""";16GB;256GB;Windows;Белый
Dell;Inspiron 5379;"13.3""";8GB;1TB;Windows;Черный
MSI;GS63VR 7RF;"15.6""";16GB;256GB;Windows;Желтый
Acer;Aspire ES1-572;"15.6""";4GB;500GB;Windows;Красный
Dell;Inspiron 7560;"15.6""";8GB;128GB;Windows;Желтый
Dell;Vostro 3568;"15.6""";8GB;256GB;Windows;Красный
Toshiba;Tecra X40-D-10G;"14.0""";8GB;256GB;Windows;Белый
Lenovo;Flex 5;"14.0""";8GB;256GB;Windows;Синий
Lenovo;Thinkpad P51s;"15.6""";16GB;1TB;Windows;Красный
Acer;Chromebook 14;"14.0""";2GB;32GB;Chrome OS;Голубой
Samsung;Notebook 9;"13.3""";16GB;256GB;Windows;Черный
HP;250 G6;"15.6""";8GB;256GB;Windows;Красный
Dell;Latitude 5480;"14.0""";8GB;256GB;Windows;Желтый
HP;Zbook 17;"17.3""";16GB;256GB;Windows;Белый
Lenovo;N23 (N3060/4GB/128GB/W10);"11.6""";4GB;128GB;Windows;Желтый
HP;EliteBook 850;"15.6""";8GB;256GB;Windows;Серебристый
Asus;X550VX-XX015D (i5-6300HQ/4GB/1TB/GeForce;"15.6""";4GB;1TB;No OS;Черный
Lenovo;Thinkpad T460;"14.0""";4GB;1GB;Windows;Белый
Asus;Pro P2540UA-XO0192R;"15.6""";4GB;256GB;Windows;Белый
Lenovo;Yoga 900-13ISK;"13.3""";8GB;256GB;Windows;Белый
HP;15-cb003na (i5-7300HQ/8GB/1TB;"15.6""";8GB;128GB;Windows;Белый
HP;ZBook 15;"15.6""";8GB;256GB;Windows;Синий
Dell;Alienware 17;"15.6""";16GB;256GB;Windows;Серый
Acer;Aspire 3;"15.6""";4GB;256GB;Windows;Серебристый
Lenovo;Legion Y520-15IKBN;"15.6""";8GB;128GB;Windows;Красный
Dell;Latitude 7280;"12.5""";16GB;256GB;Windows;Голубой
Google;Pixelbook (Core;"12.3""";8GB;256GB;Chrome OS;Белый
Asus;Zenbook UX330UA-AH5Q;"13.3""";8GB;256GB;Windows;Желтый
Dell;Latitude 3380;"13.3""";4GB;500GB;Windows;Серый
Acer;TravelMate P238-M;"13.3""";4GB;128GB;Windows;Черный
Asus;X751NV-TY001 (N4200/4GB/1TB/GeForce;"17.3""";4GB;1TB;Windows;Белый
Dell;Inspiron 7559;"15.6""";16GB;128GB;Windows;Красный
Samsung;Notebook 9;"13.3""";8GB;256GB;Windows;Красный
Acer;Aspire A315-31;"15.6""";4GB;1TB;Linux;Голубой
Dell;Inspiron 5567;"15.6""";16GB;256GB;Windows;Желтый
Samsung;Notebook 9;"15.0""";16GB;256GB;Windows;Желтый
Toshiba;Tecra A40-C-1E5;"14.0""";4GB;128GB;Windows;Серый
Dell;Inspiron 7567;"15.6""";8GB;1TB;Windows;Красный
HP;EliteBook 820;"12.5""";4GB;256GB;Windows;Серый
Asus;Q524UQ-BHI7T15 (i7-7500U/12GB/2TB/GeForce;"15.6""";12GB;2TB;Windows;Желтый
Lenovo;Thinkpad P50;"15.6""";16GB;512GB;Windows;Синий
Acer;Swift 3;"14.0""";4GB;128GB;Windows;Серый
Razer;Blade Pro;"14.0""";16GB;512GB;Windows;Красный
Asus;Vivobook Max;"15.6""";8GB;128GB;Windows;Серый
Dell;Alienware 17;"17.3""";32GB;1TB;Windows;Белый
Asus;Rog G752VS-BA171T;"17.3""";16GB;256GB;Windows;Серебристый
Toshiba;Tecra Z40-C-161;"14.0""";16GB;512GB;Windows;Серебристый
Lenovo;IdeaPad 110-15IBR;"15.6""";8GB;1TB;No OS;Серый
Lenovo;ThinkPad T470s;"14.0""";16GB;512GB;Windows;Желтый
MSI;GS43VR 7RE;"14.0""";16GB;256GB;Windows;Голубой
MSI;GL62M (i5-7300HQ/8GB/1TB;"15.6""";8GB;128GB;Windows;Голубой
Lenovo;Legion Y520-15IKBN;"15.6""";4GB;1TB;Windows;Синий
Acer;Predator G9-793;"17.3""";16GB;256GB;Windows;Черный
Dell;Inspiron 7567;"15.6""";8GB;256GB;Windows;Красный
Asus;FX502VM-DM560T (i7-7700HQ/8GB/1TB;"15.6""";8GB;128GB;Windows;Белый
Vero;K146 (N3350/4GB/32GB/W10);"14.0""";4GB;32GB;Windows;Серый
Lenovo;ThinkPad Yoga;"13.3""";8GB;512GB;Windows;Серебристый
Lenovo;Yoga 510-15IKB;"15.6""";8GB;256GB;Windows;Синий
Apple;"MacBook 12""";"12.0""";8GB;512GB;Mac OS;Голубой
Lenovo;ThinkPad X1;"14.0""";8GB;256GB;Windows;Красный
Asus;R417NA-RS01 (N3350/4GB/32GB/W10);"14.0""";4GB;32GB;Windows;Голубой
Dell;Latitude 3580;"15.6""";8GB;128GB;Windows;Серый
Lenovo;Yoga 910-13IKB;"13.9""";8GB;256GB;Windows;Серебристый
Dell;Vostro 5568;"15.6""";8GB;256GB;Windows;Серый
HP;ZBook 17;"15.6""";8GB;256GB;Windows;Черный
Asus;Pro P2540UA-XS51;"15.6""";8GB;256GB;Windows;Желтый
Dell;XPS 13;"13.3""";8GB;256GB;Windows;Серый
Dell;XPS 15;"15.6""";8GB;256GB;Windows;Красный
Dell;Latitude 3180;"11.6""";4GB;128GB;Windows;Желтый
HP;EliteBook 820;"12.5""";8GB;256GB;Windows;Красный
Toshiba;Satellite Pro;"15.6""";4GB;500GB;Windows;Желтый
HP;15-ba043na (A12-9700P/8GB/2TB/W10);"15.6""";8GB;2TB;Windows;Красный
Dell;Inspiron 7567;"15.6""";16GB;512GB;Windows;Синий
Lenovo;IdeaPad 310-15IKB;"15.6""";4GB;1TB;Windows;Голубой
HP;Omen 17-an012dx;"17.3""";12GB;1TB;Windows;Голубой
MSI;GE72MVR 7RG;"17.3""";16GB;512GB;Windows;Красный
Samsung;Notebook 9;"13.3""";8GB;256GB;Windows;Черный
Dell;Vostro 5568;"15.6""";8GB;1TB;Windows;Красный
Dell;Vostro 3568;"15.6""";8GB;256GB;Windows;Серебристый
Lenovo;Thinkpad T470s;"14.0""";8GB;256GB;Windows;Синий
Razer;Blade Stealth;"12.5""";16GB;512GB;Windows;Голубой
HP;Chromebook 11;"11.6""";4GB;16GB;Chrome OS;Серебристый
Dell;Alienware 17;"17.3""";16GB;128GB;Windows;Серый
Dell;Latitude 3480;"14.0""";4GB;500GB;Windows;Серебристый
Lenovo;V110-15ISK (i3-6006U/4GB/500GB/W10);"15.6""";4GB;500GB;Windows;Желтый
Toshiba;Tecra X40-D-10Z;"14.0""";4GB;128GB;Windows;Желтый
Lenovo;Thinkpad X1;"14.0""";8GB;512GB;Windows;Голубой
MSI;GL62M 7RD;"15.6""";8GB;256GB;Windows;Серый
Lenovo;ThinkPad X1;"14.0""";8GB;256GB;Windows;Серый
Toshiba;Satellite Pro;"14.0""";4GB;128GB;Windows;Серый
Asus;ZenBook Flip;"13.3""";8GB;256GB;Windows;Красный
Dell;Latitude 3480;"14.0""";4GB;500GB;Windows;Черный
Acer;Chromebook 11;"11.6""";4GB;32GB;Chrome OS;Серый
Acer;Swift 3;"14.0""";8GB;128GB;Windows;Белый
Razer;Blade Pro;"17.3""";32GB;512GB;Windows;Красный
Lenovo;Thinkpad X1;"14.0""";16GB;512GB;Windows;Голубой
Asus;VivoBook Max;"15.6""";4GB;1TB;Linux;Черный
Lenovo;Thinkpad T460;"14.0""";8GB;256GB;Windows;Голубой
Lenovo;ThinkPad T470s;"14.0""";8GB;256GB;Windows;Черный
Dell;Alienware 15;"15.6""";16GB;256GB;Windows;Черный
Asus;Rog GL702VS-BA023T;"17.3""";16GB;256GB;Windows;Белый
Toshiba;Satellite Pro;"15.6""";4GB;500GB;Windows;Серый
Lenovo;N42-20 Chromebook;"14.0""";4GB;16GB;Chrome OS;Голубой
Asus;R558UA-DM966T (i5-7200U/8GB/128GB/FHD/W10);"15.6""";8GB;128GB;Windows;Черный
Asus;Rog GL702VM-GC017T;"17.3""";16GB;512GB;Windows;Серый
Dell;Alienware 17;"17.3""";32GB;512GB;Windows;Серый
HP;ProBook 470;"17.3""";8GB;1TB;Windows;Желтый
Dell;Vostro 3568;"15.6""";8GB;128GB;Windows;Серебристый
HP;EliteBook 840;"14.0""";8GB;512GB;Windows;Желтый
Dell;Vostro 3568;"15.6""";4GB;256GB;Windows;Желтый
HP;Chromebook X360;"11.6""";4GB;32GB;Chrome OS;Красный
Asus;ZenBook UX310UQ-GL026T;"13.3""";8GB;512GB;Windows;Серебристый
HP;EliteBook x360;"13.3""";8GB;256GB;Windows;Белый
HP;EliteBook 840;"14.0""";8GB;512GB;Windows;Желтый
HP;250 G6;"15.6""";4GB;128GB;No OS;Черный
Asus;Rog GL502VM-DS74;"15.6""";16GB;128GB;Windows;Белый
Dell;Inspiron 5767;"17.3""";8GB;1TB;Linux;Черный
Lenovo;ThinkPad T470p;"14.0""";8GB;256GB;Windows;Белый
Asus;K556UR-DM621T (i7-7500U/8GB/256GB/GeForce;"15.6""";8GB;256GB;Windows;Голубой
Dell;Latitude 5580;"15.6""";8GB;128GB;Windows;Серый
Asus;X541NA (N4200/4GB/1TB/W10);"15.6""";4GB;1TB;Windows;Черный
HP;EliteBook x360;"13.3""";8GB;256GB;Windows;Серый
Dell;Inspiron 5368;"13.3""";8GB;1TB;Windows;Серебристый
Lenovo;IdeaPad 110-15ISK;"15.6""";4GB;1TB;No OS;Синий
Lenovo;ThinkPad E570;"15.6""";8GB;1TB;Windows;Серый
HP;EliteBook 850;"15.6""";8GB;256GB;Windows;Синий
Toshiba;Portege X30-D-10X;"13.3""";4GB;128GB;Windows;Голубой
Lenovo;Legion Y520-15IKBN;"15.6""";8GB;1TB;No OS;Красный
Dell;XPS 13;"13.3""";16GB;512GB;Windows;Голубой
HP;Probook 450;"15.6""";4GB;500GB;Windows;Желтый
Toshiba;Portйgй Z30-C-188;"13.3""";8GB;256GB;Windows;Голубой
Lenovo;ThinkPad Yoga;"13.3""";8GB;256GB;Windows;Синий
Acer;TMX349-G2-M-50FS (i5-7200U/8GB/256GB/FHD/W10);"14.0""";8GB;256GB;Windows;Голубой
Dell;Precision 3520;"15.6""";8GB;1TB;Windows;Черный
Lenovo;ThinkPad L570;"15.6""";4GB;500GB;Windows;Голубой
Lenovo;IdeaPad 110-15ISK;"15.6""";4GB;1TB;No OS;Серебристый
Toshiba;Tecra A50-D-11D;"15.6""";8GB;256GB;Windows;Серебристый
Lenovo;Thinkpad 13;"13.3""";4GB;1GB;Windows;Красный
Samsung;Notebook 9;"15.0""";16GB;256GB;Windows;Серый
Dell;Latitude 7280;"12.5""";8GB;256GB;Windows;Желтый
Asus;X541NA-GO121 (N4200/4GB/1TB/Linux);"15.6""";4GB;1TB;Linux;Голубой
Xiaomi;Mi Notebook;"13.3""";8GB;256GB;Windows;Серебристый
Dell;Vostro 5568;"15.6""";4GB;128GB;Windows;Серый
HP;ProBook 450;"15.6""";4GB;256GB;Windows;Серый
HP;EliteBook x360;"13.3""";4GB;256GB;Windows;Синий
HP;Pavilion x360;"15.6""";4GB;500GB;Windows;Синий
Asus;VivoBook L402NA;"14.1""";4GB;32GB;Windows;Красный
Lenovo;IdeaPad 510-15ISK;"15.6""";8GB;1TB;Windows;Серебристый
Dell;Inspiron 3552;"15.6""";4GB;500GB;Windows;Синий
HP;EliteBook x360;"13.3""";4GB;256GB;Windows;Желтый
Dell;Vostro 3568;"15.6""";4GB;1TB;Linux;Черный
Asus;Rog GL753VD-GC082T;"17.3""";12GB;128GB;Windows;Голубой
Acer;Chromebook C731-C78G;"11.6""";4GB;32GB;Chrome OS;Серый
Lenovo;IdeaPad 110-17ACL;"17.3""";4GB;500GB;Windows;Белый
HP;Probook 640;"14.0""";4GB;128GB;Windows;Серый
HP;Envy x360;"13.3""";16GB;256GB;Windows;Голубой
Samsung;Notebook 9;"15.0""";8GB;256GB;Windows;Голубой
Lenovo;ThinkPad T470s;"14.0""";8GB;256GB;Windows;Белый
MSI;GS73VR Stealth;"17.3""";16GB;512GB;Windows;Серый
Toshiba;Portege X30-D-10V;"13.3""";8GB;256GB;Windows;Голубой
Dell;Inspiron 7567;"15.6""";8GB;1TB;Linux;Желтый
HP;ProBook 450;"15.6""";8GB;1TB;Windows;Желтый
Dell;Vostro 3568;"15.6""";4GB;1TB;Windows;Серый
Dell;Latitude 5580;"15.6""";8GB;500GB;Windows;Серебристый
Dell;XPS 13;"13.3""";8GB;512GB;Windows;Белый
Asus;G701VO-IH74K (i7-6820HK/32GB/2x;"17.3""";32GB;256GB;Windows;Желтый
Dell;XPS 13;"13.3""";16GB;256GB;Windows;Белый
Lenovo;ThinkPad X1;"14.0""";8GB;256GB;Windows;Белый
Lenovo;ThinkPad T570;"15.6""";8GB;512GB;Windows;Серебристый
LG;Gram 15Z970;"15.6""";16GB;512GB;Windows;Желтый
HP;Elitebook 820;"12.5""";8GB;512GB;Windows;Красный
Acer;Chromebook CB5-571-C1DZ;"15.6""";4GB;16GB;Chrome OS;Черный
Lenovo;IdeaPad Y700-15ISK;"15.6""";8GB;128GB;Windows;Голубой
LG;Gram 14Z970;"14.0""";8GB;512GB;Windows;Голубой
Dell;Latitude 5480;"14.0""";8GB;256GB;Windows;Синий
HP;Elitebook Folio;"12.5""";8GB;240GB;Windows;Серебристый
Lenovo;IdeaPad 510-15IKB;"15.6""";6GB;256GB;Windows;Желтый
HP;ProBook 450;"15.6""";8GB;256GB;Windows;Голубой
Acer;Aspire E5-575;"15.6""";4GB;1TB;Windows;Голубой
Lenovo;ThinkPad 13;"13.3""";4GB;128GB;Windows;Черный
HP;Probook 430;"13.3""";8GB;256GB;Windows;Белый
MSI;GE72VR 6RF;"17.3""";16GB;256GB;Windows;Черный
Dell;Inspiron 7567;"15.6""";16GB;128GB;Windows;Желтый
MSI;GL62M 7RD;"15.6""";8GB;128GB;Windows;Голубой
Dell;Vostro 3568;"15.6""";4GB;1TB;Windows;Красный
HP;EliteBook 850;"15.6""";8GB;256GB;Windows;Голубой
HP;Envy 13-AB077cl;"13.3""";8GB;256GB;Windows;Синий
Toshiba;Tecra Z50-C-140;"15.6""";16GB;256GB;Windows;Голубой
Lenovo;ThinkPad Yoga;"13.3""";8GB;512GB;Windows;Красный
Dell;Latitude 3580;"15.6""";4GB;500GB;Windows;Красный
Lenovo;Thinkpad X270;"12.5""";8GB;256GB;Windows;Голубой
HP;Probook 650;"15.6""";8GB;256GB;Windows;Синий
Dell;Vostro 3568;"15.6""";4GB;1TB;Windows;Желтый
HP;ProBook 640;"14.0""";4GB;500GB;Windows;Белый
Lenovo;IdeaPad 320-15IAP;"15.6""";4GB;1TB;Windows;Белый
HP;EliteBook 820;"12.5""";4GB;500GB;Windows;Желтый
HP;250 G6;"15.6""";4GB;1TB;No OS;Серый
Lenovo;Yoga 900-13ISK;"13.3""";16GB;1TB;Windows;Белый
Toshiba;Tecra Z40-C-12X;"14.0""";4GB;128GB;Windows;Синий
HP;EliteBook 820;"12.5""";8GB;256GB;Windows;Красный
Dell;Vostro 3568;"15.6""";4GB;1TB;Windows;Белый
MSI;GP62M Leopard;"15.6""";8GB;128GB;Windows;Желтый
Dell;Latitude 7480;"14.0""";8GB;256GB;Windows;Красный
Dell;Alienware 17;"17.3""";16GB;512GB;Windows;Серый
HP;Omen 17-W006na;"17.3""";8GB;128GB;Windows;Красный
Asus;X751SV-TY001T (N3710/4GB/1TB/GeForce;"17.3""";4GB;1TB;Windows;Желтый
Acer;TravelMate P259-G2;"15.6""";4GB;500GB;Windows;Серый
Toshiba;Tecra A50-C-1ZV;"15.6""";8GB;256GB;Windows;Серебристый
Lenovo;Yoga 700-11ISK;"11.3""";8GB;256GB;Windows;Желтый
Lenovo;IdeaPad Y700-15ACZ;"15.6""";16GB;512GB;Windows;Голубой
Dell;Latitude 7280;"12.5""";8GB;256GB;Windows;Желтый
Lenovo;IdeaPad 310-15IKB;"15.6""";8GB;1TB;No OS;Синий
Dell;Insprion 5767;"17.3""";4GB;1TB;Windows;Серебристый
Acer;Chromebook 14;"14.0""";4GB;32GB;Chrome OS;Красный
HP;ZBook Studio;"15.6""";8GB;8GB;Windows;Белый
Dell;Latitude 7480;"14.0""";8GB;256GB;Windows;Голубой
Toshiba;Portege Z30-C-1CW;"13.3""";8GB;256GB;Windows;Голубой
Asus;Chromebook Flip;"12.5""";8GB;64GB;Chrome OS;Красный
Lenovo;Thinkpad T460;"14.0""";8GB;256GB;Windows;Черный
Dell;Alienware 17;"17.3""";16GB;512GB;Windows;Серебристый
Dell;XPS 13;"13.3""";8GB;256GB;Windows;Белый
HP;ProBook x360;"11.6""";4GB;256GB;Windows;Серый
Dell;XPS 13;"13.3""";8GB;256GB;Windows;Красный
Acer;Chromebook C738T-C2EJ;"11.6""";4GB;32GB;Chrome OS;Белый
Toshiba;Portege Z30-C-16Z;"13.3""";8GB;256GB;Windows;Желтый
Lenovo;ThinkPad X270;"12.5""";8GB;256GB;Windows;Голубой
Acer;Aspire F5-573G-510L;"15.6""";12GB;128GB;Windows;Серебристый
Toshiba;Portege X20W-D-10V;"12.5""";8GB;512GB;Windows;Серебристый
HP;ProBook 450;"15.6""";8GB;1TB;Windows;Голубой
Dell;Inspiron 3567;"15.6""";4GB;1TB;Linux;Черный
Dell;Latitude 5580;"15.6""";4GB;500GB;Windows;Красный
HP;ProBook 450;"15.6""";4GB;500GB;Windows;Серый
Dell;Alienware 17;"17.3""";32GB;256GB;Windows;Желтый
Lenovo;IdeaPad 310-15IKB;"15.6""";6GB;256GB;Windows;Белый
Dell;XPS 13;"13.3""";16GB;512GB;Windows;Голубой
Dell;Latitude E7470;"14.0""";8GB;256GB;Windows;Голубой
Dell;Alienware 17;"17.3""";32GB;256GB;Windows;Черный
Toshiba;Tecra A40-C-1DF;"14.0""";8GB;256GB;Windows;Красный
Asus;Rog Strix;"17.3""";16GB;256GB;Windows;Синий
HP;Probook 450;"15.6""";8GB;128GB;Windows;Желтый
Lenovo;ThinkPad T460;"14.0""";4GB;508GB;Windows;Белый
Asus;Q534UX-BHI7T19 (i7-7500U/16GB/2TB;"15.6""";16GB;512GB;Windows;Серебристый
HP;15-bs053od (i7-7500U/6GB/1TB/W10);"15.6""";6GB;1TB;Windows;Серый
Asus;Rog GL753VE-DS74;"17.3""";16GB;256GB;Windows;Желтый
Dell;Inspiron 7579;"15.6""";12GB;512GB;Windows;Серый
Toshiba;Portege Z30-C-1CV;"13.3""";4GB;128GB;Windows;Черный
Lenovo;IdeaPad 320-15ABR;"15.6""";6GB;256GB;Windows;Серебристый
Fujitsu;LifeBook A556;"15.6""";4GB;256GB;Windows;Белый
Toshiba;Tecra A40-C-1KF;"14.0""";4GB;500GB;Windows;Красный
Dell;Inspiron 3567;"15.6""";4GB;500GB;Windows;Желтый
HP;Probook 450;"15.6""";8GB;1TB;Windows;Голубой
Lenovo;Legion Y520-15IKBN;"15.6""";8GB;128GB;Windows;Желтый
Dell;Inspiron 5567;"15.6""";8GB;1TB;Windows;Серый
Dell;Latitude 5480;"14.0""";8GB;128GB;Windows;Серый
HP;EliteBook Folio;"12.5""";8GB;512GB;Windows;Серый
HP;15-bs005nv (i3-6006U/4GB/1TB;"15.6""";4GB;128GB;Windows;Серебристый
Lenovo;V110-15IAP (N3350/4GB/128GB/No;"15.6""";4GB;128GB;No OS;Серый
Lenovo;ThinkPad T560;"15.6""";8GB;256GB;Windows;Белый
Dell;Inspiron 5378;"13.3""";8GB;256GB;Windows;Синий
Asus;ZenBook UX310UA-FB485T;"13.3""";8GB;256GB;Windows;Синий
HP;Spectre 13-V111dx;"13.3""";8GB;256GB;Windows;Черный
Acer;Aspire ES1-533;"15.6""";4GB;500GB;Windows;Серый
Asus;Rog GL553VE-DS74;"15.6""";16GB;256GB;Windows;Желтый
HP;EliteBook 840;"14.0""";8GB;512GB;Windows;Черный
Acer;Nitro 5;"15.6""";8GB;128GB;Windows;Черный
HP;ENVY -;"13.3""";8GB;256GB;Windows;Черный
Dell;Vostro 3568;"15.6""";4GB;128GB;Windows;Серый
HP;Probook 440;"14.0""";4GB;500GB;Windows;Красный
Toshiba;Portege Z30-C-16H;"13.3""";4GB;128GB;Windows;Белый
HP;EliteBook 840;"14.0""";4GB;256GB;Windows;Голубой
HP;ProBook 640;"14.0""";4GB;256GB;Windows;Красный
HP;EliteBook 1040;"14.0""";8GB;256GB;Windows;Белый
HP;ProBook 440;"14.0""";8GB;256GB;Windows;Серебристый
HP;Probook 440;"14.0""";4GB;500GB;Windows;Голубой
Dell;Inspiron 7567;"15.6""";8GB;1TB;Windows;Белый
HP;EliteBook 820;"12.5""";4GB;500GB;Windows;Желтый
HP;Elitebook 840;"14.0""";4GB;256GB;Windows;Желтый
HP;EliteBook 840;"14.0""";8GB;256GB;Windows;Голубой
HP;Probook 430;"13.3""";4GB;500GB;Windows;Черный
Toshiba;Portege A30-C-1CZ;"13.3""";8GB;256GB;Windows;Синий
HP;ProBook 450;"15.6""";4GB;256GB;Windows;Серый
Lenovo;ThinkPad P70;"17.3""";16GB;512GB;Windows;Серебристый
Toshiba;Tecra Z40-C-12Z;"14.0""";8GB;256GB;Windows;Желтый
HP;EliteBook 1040;"14.0""";8GB;256GB;Windows;Белый
Dell;Inspiron 5568;"15.6""";4GB;1TB;Windows;Белый
Toshiba;Portйgй Z30-C-16K;"13.3""";8GB;256GB;Windows;Голубой
HP;Spectre 13-V100nv;"13.3""";8GB;256GB;Windows;Черный
HP;ProBook 440;"14.0""";8GB;256GB;Windows;Серебристый
Dell;Latitude E5570;"15.6""";8GB;500GB;Windows;Серый
HP;Elitebook 820;"12.5""";4GB;256GB;Windows;Черный
HP;ProBook 650;"14.0""";4GB;500GB;Windows;Серый
HP;ProBook 640;"14.0""";4GB;500GB;Windows;Серебристый
Dell;XPS 13;"13.3""";8GB;256GB;Windows;Голубой
HP;Probook 470;"17.3""";8GB;256GB;Windows;Белый
HP;ProBook 440;"14.0""";4GB;256GB;Windows;Синий
Acer;Aspire 3;"15.6""";6GB;1TB;Windows;Серебристый
MSI;GL72M 7RDX;"17.3""";8GB;128GB;Windows;Желтый
HP;Probook 640;"14.0""";8GB;256GB;Windows;Черный
HP;EliteBook 850;"15.6""";8GB;256GB;Windows;Серый
HP;EliteBook 820;"12.5""";8GB;256GB;Windows;Белый
HP;ProBook 450;"15.6""";4GB;500GB;Windows;Серый
Toshiba;Tecra Z40-C-136;"14.0""";8GB;256GB;Windows;Черный
Dell;Latitude E5570;"15.6""";8GB;256GB;Windows;Черный
HP;ProBook 440;"14.0""";8GB;256GB;Windows;Красный
Lenovo;Yoga 500-15ISK;"15.6""";4GB;256GB;Windows;Черный
Vero;V142 (X5-Z8350/2GB/32GB/W10);"14.0""";2GB;32GB;Windows;Голубой
Toshiba;Tecra A50-C-218;"15.6""";16GB;256GB;Windows;Красный
Lenovo;Thinkpad L560;"15.6""";8GB;256GB;Windows;Голубой
HP;EliteBook 840;"14.0""";4GB;500GB;Windows;Синий
HP;EliteBook 850;"15.6""";8GB;256GB;Windows;Серый
HP;EliteBook 1040;"14.0""";8GB;256GB;Windows;Голубой
MSI;GT72S Dominator;"17.3""";16GB;256GB;Windows;Белый
Lenovo;IdeaPad Y900-17ISK;"17.3""";16GB;128GB;Windows;Голубой
Asus;Chromebook C202SA;"11.6""";4GB;16GB;Chrome OS;Синий
Lenovo;ThinkPad X1;"14.0""";16GB;256GB;Windows;Красный
HP;Noteb Pav;"15.6""";8GB;1TB;Windows;Желтый
Dell;Inspiron 5578;"15.6""";8GB;256GB;Windows;Серебристый
HP;ProBook 450;"15.6""";4GB;256GB;Windows;Черный
Dell;XPS 13;"13.3""";16GB;1TB;Windows;Белый
HP;ProBook 650;"15.6""";4GB;500GB;Windows;Красный
HP;250 G5;"15.6""";4GB;500GB;No OS;Красный
Acer;Aspire ES1-523;"15.6""";8GB;1TB;Windows;Черный
Dell;Inspiron 7378;"13.3""";12GB;256GB;Windows;Черный
MSI;GT62VR 6RD;"15.6""";16GB;256GB;Windows;Белый
HP;ProBook 450;"15.6""";8GB;256GB;Windows;Голубой
Asus;Rog G752VL-GC088D;"17.3""";16GB;1TB;No OS;Белый
Dell;Inspiron 3567;"15.6""";4GB;1TB;Windows;Голубой
Dell;Inspiron 5567;"15.6""";16GB;2TB;Windows;Серый
MSI;GS63VR 6RF;"15.6""";16GB;256GB;Windows;Серебристый
Dell;XPS 13;"13.3""";8GB;256GB;Windows;Красный
Asus;ROG G701VO;"17.3""";64GB;1TB;Windows;Желтый
Dell;Inspiron 5368;"13.3""";8GB;256GB;Windows;Серебристый
Dell;Alienware 15;"15.6""";16GB;256GB;Windows;Черный
Apple;"MacBook 12""";"12.0""";8GB;256GB;Mac OS;Белый
Dell;Latitude 3570;"15.6""";4GB;500GB;Windows;Черный
HP;ProBook 650;"15.6""";4GB;500GB;Windows;Желтый
HP;EliteBook 820;"12.5""";8GB;256GB;Windows;Белый
HP;ProBook 430;"13.3""";8GB;256GB;Windows;Серебристый
Lenovo;ThinkPad Yoga;"12.5""";8GB;256GB;Windows;Голубой
Lenovo;IdeaPad 300-17ISK;"17.3""";8GB;1TB;Windows;Синий
Lenovo;Ideapad 700-15ISK;"15.6""";4GB;1TB;Windows;Голубой
MSI;GT72VR Dominator;"17.3""";16GB;256GB;Windows;Серебристый
Lenovo;V110-15ISK (i5-6200U/4GB/500GB/W10);"15.6""";4GB;500GB;Windows;Голубой
HP;Probook 650;"15.6""";4GB;500GB;Windows;Серебристый
Lenovo;Yoga 900S-12ISK;"12.5""";8GB;512GB;Windows;Серебристый
Lenovo;IdeaPad Y900-17ISK;"17.3""";32GB;512GB;Windows;Синий
Lenovo;Yoga Book;"10.1""";4GB;64GB;Windows;Синий
HP;Spectre x360;"13.3""";16GB;512GB;Windows;Синий
Dell;Vostro 3568;"15.6""";8GB;256GB;Windows;Голубой
HP;EliteBook 840;"14.0""";4GB;500GB;Windows;Белый
HP;ZBook 15u;"15.6""";8GB;256GB;Windows;Желтый
Lenovo;ThinkPad T460;"14.0""";8GB;1GB;Windows;Желтый
HP;Chromebook 13;"13.3""";4GB;32GB;Chrome OS;Синий
Acer;Aspire ES1-523;"15.6""";4GB;500GB;Windows;Серый
Dell;Inspiron 3552;"15.6""";4GB;500GB;Linux;Желтый
HP;250 G6;"15.6""";4GB;1TB;No OS;Белый
Asus;Rog GL702VM-GC354T;"17.3""";8GB;256GB;Windows;Белый
Dell;Inspiron 5370;"13.3""";4GB;256GB;Windows;Голубой
HP;Elitebook 820;"12.5""";4GB;128GB;Windows;Белый
Acer;Aspire F5-573G;"15.6""";8GB;256GB;Windows;Серебристый
Dell;Inspiron 5567;"15.6""";8GB;1TB;Windows;Белый
MSI;GS70 Stealth;"17.3""";8GB;256GB;Windows;Серый
HP;250 G5;"15.6""";4GB;1TB;Windows;Голубой
Asus;G752VY-GC162T (i7-6700HQ/16GB/1TB;"17.3""";16GB;128GB;Windows;Синий
Dell;Latitude E5270;"12.5""";4GB;500GB;Windows;Черный
Dell;Latitude E5270;"12.5""";4GB;128GB;Windows;Белый
Acer;Chromebook 15;"15.6""";4GB;16GB;Chrome OS;Синий
HP;ZBook 17;"17.3""";8GB;1TB;Windows;Голубой
Lenovo;Legion Y520-15IKBN;"15.6""";16GB;512GB;Windows;Белый
Dell;Latitude E5270;"12.5""";8GB;256GB;Windows;Желтый
MSI;GE72 Apache;"17.3""";8GB;128GB;Windows;Желтый
Lenovo;Yoga 500-15ISK;"15.6""";4GB;256GB;Windows;Голубой
HP;15-bw011nv (A6-9220/4GB/1TB/FHD/W10);"15.6""";4GB;1TB;Windows;Голубой
Asus;Rog GL552VW-CN470T;"15.6""";16GB;128GB;Windows;Серый
HP;EliteBook 1030;"13.3""";8GB;256GB;Windows;Серебристый
Dell;Vostro 3559;"15.6""";4GB;500GB;Windows;Синий
Lenovo;V110-15ISK (i3-6006U/4GB/128GB/W10);"15.6""";4GB;128GB;Windows;Желтый
HP;Spectre Pro;"13.3""";8GB;512GB;Windows;Синий
Lenovo;Yoga Book;"10.1""";4GB;64GB;Android;Черный
Dell;XPS 13;"13.3""";8GB;256GB;Windows;Серебристый
Lenovo;IdeaPad Y900-17ISK;"17.3""";16GB;256GB;Windows;Синий
Razer;Blade Stealth;"12.5""";8GB;256GB;Windows;Черный
Toshiba;Portege X30-D-10K;"13.3""";16GB;512GB;Windows;Голубой
Asus;Rog GL752VW-T4308T;"17.3""";8GB;128GB;Windows;Серый
Vero;V131 (X5-Z8350/4GB/32GB/FHD/W10);"13.3""";4GB;32GB;Windows;Красный
HP;Spectre Pro;"13.3""";8GB;256GB;Windows;Белый
HP;EliteBook 1040;"14.0""";8GB;256GB;Windows;Серый
Dell;Latitude E5570;"15.6""";4GB;500GB;Linux;Желтый
Asus;VivoBook Max;"15.6""";4GB;1TB;Windows;Белый
Lenovo;ThinkPad Yoga;"14.0""";8GB;256GB;Windows;Красный
Lenovo;Yoga Book;"10.1""";4GB;64GB;Windows;Голубой
HP;EliteBook 820;"12.5""";8GB;256GB;Windows;Серый
Lenovo;Legion Y520-15IKBN;"15.6""";8GB;128GB;No OS;Серебристый
HP;Omen -;"17.3""";8GB;128GB;Windows;Серый
HP;15-bs078cl (i7-7500U/8GB/2TB/W10);"15.6""";8GB;2TB;Windows;Голубой
Lenovo;ThinkPad P40;"14.0""";8GB;512GB;Windows;Серебристый
Asus;L403NA-GA013TS (N3350/4GB/32GB/W10);"14.0""";4GB;32GB;Windows;Серый
HP;250 G6;"15.6""";8GB;256GB;Windows;Черный
Acer;Aspire E5-576G;"15.6""";4GB;1TB;Windows;Белый
Lenovo;IdeaPad 500-15ISK;"15.6""";16GB;1TB;Windows;Голубой
HP;ZBook 17;"17.3""";8GB;256GB;Windows;Голубой
Dell;Inspiron 5567;"15.6""";8GB;1TB;Windows;Черный
MSI;GT72S Dominator;"17.3""";16GB;256GB;Windows;Голубой
HP;EliteBook 850;"15.6""";8GB;256GB;Windows;Красный
Lenovo;ThinkPad X1;"14.0""";16GB;512GB;Windows;Серый
MSI;GP62M 7RDX;"15.6""";8GB;128GB;Windows;Голубой
HP;Spectre Pro;"13.3""";8GB;256GB;Windows;Желтый
HP;ZBook 15;"15.6""";8GB;256GB;Windows;Белый
HP;Spectre Pro;"13.3""";8GB;256GB;Windows;Серебристый
HP;ZBook Studio;"15.6""";8GB;256GB;Windows;Белый
HP;EliteBook 820;"12.5""";8GB;256GB;Windows;Желтый
Dell;Vostro 5568;"15.6""";8GB;256GB;Windows;Серебристый
HP;EliteBook 850;"15.6""";8GB;256GB;Windows;Красный
Lenovo;ThinkPad X1;"14.0""";8GB;256GB;Windows;Голубой
Lenovo;V110-15ISK (i3-6006U/4GB/1TB/No;"15.6""";4GB;1TB;No OS;Голубой
HP;15-BA015wm (E2-7110/4GB/500GB/W10);"15.6""";4GB;500GB;Windows;Красный
Lenovo;B51-80 (i5-6200U/8GB/1TB/Radeon;"15.6""";8GB;1TB;No OS;Белый
Dell;Inspiron 7567;"15.6""";8GB;1TB;Windows;Синий
Dell;XPS 15;"15.6""";8GB;256GB;Windows;Красный
HP;15-bw002nv (A6-9220/4GB/256GB/Radeon;"15.6""";4GB;256GB;Windows;Красный
MSI;GP72M 7REX;"17.3""";16GB;256GB;Windows;Черный
Lenovo;ThinkPad T460s;"14.0""";12GB;512GB;Windows;Желтый
Lenovo;B51-80 (i5-6200U/8GB/1008GB/Radeon;"15.6""";8GB;1TB;Windows;Серый
HP;Spectre Pro;"13.3""";8GB;512GB;Windows;Красный
Lenovo;ThinkPad T460;"14.0""";8GB;256GB;Windows;Красный
MSI;GS40 Phantom;"14.0""";16GB;256GB;Windows;Синий
HP;Pavilion 15-cb003nv;"15.6""";8GB;1TB;Windows;Желтый
Lenovo;IdeaPad 310-15ISK;"15.6""";8GB;1TB;Windows;Белый
HP;250 G4;"15.6""";4GB;500GB;No OS;Синий
Dell;Inspiron 7567;"15.6""";8GB;128GB;Windows;Голубой
Lenovo;ThinkPad T570;"15.6""";8GB;256GB;Windows;Серый
Lenovo;320-15ISK (i3-6006U/4GB/1TB/GeForce;"15.6""";4GB;1TB;Windows;Серый
HP;Stream 14-AX000nv;"14.0""";2GB;32GB;Windows;Желтый
MSI;PL60 7RD;"15.6""";8GB;1TB;Windows;Желтый
HP;250 G5;"15.6""";8GB;256GB;Windows;Серый
HP;ProBook 450;"15.6""";16GB;512GB;Windows;Голубой
Asus;X553SA-XX021T (N3050/4GB/500GB/W10);"15.6""";4GB;500GB;Windows;Белый
Lenovo;V110-15ISK (i5-6200U/4GB/500GB/No;"15.6""";4GB;500GB;No OS;Белый
Lenovo;IdeaPad 510-15IKB;"15.6""";8GB;1TB;No OS;Белый
Asus;UX410UA-GV097T (i3-7100U/4GB/256GB/FHD/W10);"14.0""";4GB;256GB;Windows;Желтый
Lenovo;B51-80 (i7-6500U/4GB/1008GB/FHD/W7);"15.6""";4GB;1TB;Windows;Серебристый
Lenovo;IdeaPad Y700-15ISK;"15.6""";16GB;512GB;Windows;Красный
MSI;GS60 Ghost;"15.6""";16GB;128GB;Windows;Желтый
HP;ProBook 450;"15.6""";4GB;500GB;Windows;Белый
Lenovo;ThinkPad X1;"14.0""";8GB;256GB;Windows;Черный
Lenovo;IdeaPad 310-15IKB;"15.6""";6GB;256GB;Windows;Синий
Dell;Vostro 5568;"15.6""";8GB;256GB;Linux;Красный
Acer;Aspire 3;"15.6""";4GB;500GB;Windows;Белый
HP;Pavilion 15-BC000nv;"15.6""";6GB;1TB;Windows;Голубой
Asus;Rog GL552VW-DM201T;"15.6""";8GB;256GB;Windows;Красный
Dell;Inspiron 5578;"15.6""";16GB;512GB;Windows;Синий
Acer;Aspire E5-576G;"15.6""";4GB;256GB;Windows;Серебристый
Dell;XPS 13;"13.3""";8GB;256GB;Linux;Синий
Acer;Predator G9-793;"17.3""";16GB;256GB;Windows;Серебристый
Lenovo;Legion Y520-15IKBN;"15.6""";8GB;1TB;Windows;Голубой
Samsung;Chromebook Plus;"12.3""";4GB;32GB;Chrome OS;Желтый
HP;250 G6;"15.6""";4GB;500GB;Windows;Красный
Apple;"MacBook 12""";"12.0""";8GB;256GB;Mac OS;Голубой
Dell;Inspiron 7378;"13.3""";8GB;256GB;Windows;Серый
HP;Pavilion Power;"15.6""";12GB;128GB;Windows;Серый
Lenovo;V110-15ISK (i3-6006U/4GB/1TB/Radeon;"15.6""";4GB;1TB;No OS;Серебристый
Asus;Rog G752VY-GC229T;"17.3""";16GB;512GB;Windows;Синий
Acer;Aspire 3;"15.6""";4GB;1TB;Linux;Серебристый
MSI;GS73VR 7RF;"17.3""";16GB;256GB;Windows;Серебристый
Dell;Inspiron 5567;"15.6""";4GB;128GB;Windows;Желтый
Lenovo;IdeaPad 310-15ISK;"15.6""";8GB;500GB;No OS;Серый
Dell;Inspiron 5579;"15.6""";16GB;512GB;Windows;Черный
Dell;XPS 13;"13.3""";16GB;512GB;Windows;Синий
Asus;FX502VM-DM105T (i7-6700HQ/8GB/1TB/GeForce;"15.6""";8GB;1TB;Windows;Желтый
Dell;Inspiron 5567;"15.6""";8GB;256GB;Windows;Красный
HP;15-bs025nv (i5-7200U/8GB/256GB/W10);"15.6""";8GB;256GB;Windows;Серый
Lenovo;IdeaPad 320-15AST;"15.6""";4GB;500GB;Windows;Голубой
Acer;Aspire E5-774G;"17.3""";8GB;1TB;Windows;Белый
Asus;Rog Strix;"15.6""";16GB;256GB;Windows;Белый
Apple;"MacBook 12""";"12.0""";8GB;512GB;Mac OS;Красный
Asus;FX502VM-AS73 (i7-7700HQ/16GB/1TB;"15.6""";16GB;128GB;Windows;Белый
MSI;GS73VR Stealth;"17.3""";16GB;256GB;Windows;Серый
Dell;Inspiron 7579;"15.6""";8GB;256GB;Windows;Синий
Asus;ROG Strix;"17.3""";16GB;256GB;Windows;Желтый
Acer;C740-C9QX (3205U/2GB/32GB/Chrome;"11.6""";2GB;32GB;Chrome OS;Черный
Acer;E5 774G;"17.3""";4GB;1TB;Windows;Черный
Lenovo;IdeaPad 320-17IKB;"17.3""";8GB;1TB;No OS;Белый
Lenovo;IdeaPad Y700-15ISK;"15.6""";8GB;128GB;Windows;Желтый
Acer;SP714-51 (i7-7Y75/8GB/256GB/FHD/W10);"14.0""";8GB;256GB;Windows;Белый
Lenovo;Thinkpad T560;"15.6""";8GB;256GB;Windows;Черный
MSI;GP62MVR 6RF;"15.6""";8GB;128GB;Windows;Серебристый
HP;15-bw009nv (A12-9720P/6GB/1TB/Radeon;"15.6""";6GB;1TB;Windows;Белый
Dell;Latitude E7270;"12.5""";8GB;256GB;Windows;Черный
Dell;Inspiron 5578;"15.0""";4GB;500GB;Windows;Серебристый
Asus;X540SA-RBPDN09 (N3710/4GB/1TB/W10);"15.6""";4GB;1TB;Windows;Синий
Dell;XPS 13;"13.3""";8GB;256GB;Windows;Красный
Dell;Vostro 3568;"15.6""";4GB;1TB;Linux;Красный
Lenovo;IdeaPad Y700-15ISK;"15.6""";16GB;128GB;Windows;Красный
MSI;GL62M 7RDX;"15.6""";8GB;128GB;Windows;Серый
Lenovo;ThinkPad Yoga;"12.5""";16GB;512GB;Windows;Серебристый
Razer;Blade Pro;"14.0""";16GB;1TB;Windows;Черный
Dell;Inspiron 3567;"15.6""";8GB;1TB;Windows;Желтый
MSI;GE72VR Apache;"17.3""";16GB;256GB;Windows;Голубой
Apple;MacBook Air;"11.6""";4GB;256GB;Mac OS;Голубой
HP;15-bs023nv (i3-6006U/4GB/1TB/FHD/W10);"15.6""";4GB;1TB;Windows;Красный
HP;EliteBook 840;"14.0""";8GB;256GB;Windows;Серый
Dell;Vostro 3559;"15.6""";4GB;500GB;Windows;Голубой
MSI;GL62 6QF;"15.6""";8GB;128GB;Windows;Желтый
Lenovo;ThinkPad 13;"13.3""";16GB;512GB;Windows;Желтый
Lenovo;IdeaPad 320-15ABR;"15.6""";6GB;256GB;Windows;Черный
Asus;ZenBook UX310UA-WB71;"13.3""";8GB;256GB;Windows;Черный
Acer;Aspire ES1-572;"15.6""";4GB;500GB;Linux;Красный
Dell;Inspiron 7779;"17.3""";16GB;512GB;Windows;Синий
HP;EliteBook 840;"14.0""";4GB;256GB;Windows;Черный
Asus;Rog GL553VE-FY052T;"15.6""";16GB;256GB;Windows;Серый
Dell;Latitude 5480;"14.0""";4GB;500GB;Windows;Голубой
Asus;Rog GL502VS;"15.6""";16GB;256GB;Windows;Серый
Lenovo;V510-15IKB (i5-7200U/8GB/256GB/FHD/No;"15.6""";8GB;256GB;No OS;Белый
Dell;XPS 13;"13.3""";8GB;256GB;Windows;Синий
Dell;Inspiron 3552;"15.6""";4GB;500GB;Linux;Синий
HP;255 G6;"15.6""";4GB;500GB;Windows;Белый
Lenovo;IdeaPad 310-15ISK;"15.6""";6GB;128GB;Windows;Красный
Lenovo;ThinkPad L460;"14.0""";8GB;256GB;Windows;Голубой
Dell;Inspiron 3552;"15.6""";4GB;500GB;Windows;Серый
Asus;X541NA-GO020T (N3350/4GB/1TB/W10);"15.6""";4GB;1TB;Windows;Черный
Asus;Rog G752VT-GC073T;"17.3""";16GB;128GB;Windows;Желтый
Dell;Vostro 3568;"15.6""";4GB;500GB;Windows;Серый
Lenovo;B51-80 (i7-6500U/8GB/1008GB/Radeon;"15.6""";8GB;1TB;Windows;Синий
MSI;GE62 Apache;"15.6""";8GB;128GB;Windows;Серый
Lenovo;Yoga 500-14IBD;"14.0""";4GB;128GB;Windows;Серебристый
Asus;ZenBook UX305CA-UBM1;"13.3""";8GB;512GB;Windows;Черный
Dell;Inspiron 3567;"15.6""";6GB;1TB;Windows;Красный
Acer;Aspire ES1-531;"15.6""";4GB;500GB;Linux;Белый
Dell;Inspiron 3552;"15.6""";2GB;500GB;Windows;Красный
Lenovo;IdeaPad Y700-15ISK;"15.6""";8GB;1TB;Windows;Желтый
HP;Pavilion 15-AW003nv;"15.6""";6GB;1TB;Windows;Красный
Dell;Inspiron 3567;"15.6""";8GB;1TB;Linux;Синий
HP;Stream 11-Y000na;"11.6""";2GB;32GB;Windows;Черный
Asus;X556UJ-XO044T (i7-6500U/4GB/500GB/GeForce;"15.6""";4GB;500GB;Windows;Белый
Lenovo;Yoga 500-14ISK;"14.0""";4GB;128GB;Windows;Синий
Lenovo;Yoga 900-13ISK;"13.3""";16GB;512GB;Windows;Голубой
Lenovo;IdeaPad 100S-14IBR;"14.0""";2GB;64GB;Windows;Черный
HP;15-AC110nv (i7-6500U/6GB/1TB/Radeon;"15.6""";6GB;1TB;Windows;Серый
Asus;X553SA-XX031T (N3050/4GB/500GB/W10);"15.6""";4GB;500GB;Windows;Серый
Asus;ZenBook UX305CA-UBM1;"13.3""";8GB;512GB;Windows;Серебристый
Dell;Inspiron 3567;"15.6""";6GB;1TB;Windows;Серебристый
Acer;Aspire ES1-531;"15.6""";4GB;500GB;Linux;Серый
Dell;Inspiron 3552;"15.6""";2GB;500GB;Windows;Белый
Lenovo;IdeaPad Y700-15ISK;"15.6""";8GB;1TB;Windows;Серый
HP;Pavilion 15-AW003nv;"15.6""";6GB;1TB;Windows;Голубой
Dell;Inspiron 3567;"15.6""";8GB;1TB;Linux;Желтый
HP;Stream 11-Y000na;"11.6""";2GB;32GB;Windows;Черный
Asus;X556UJ-XO044T (i7-6500U/4GB/500GB/GeForce;"15.6""";4GB;500GB;Windows;Синий
Lenovo;Yoga 500-14ISK;"14.0""";4GB;128GB;Windows;Голубой
Lenovo;Yoga 900-13ISK;"13.3""";16GB;512GB;Windows;Синий
Lenovo;IdeaPad 100S-14IBR;"14.0""";2GB;64GB;Windows;Голубой
HP;15-AC110nv (i7-6500U/6GB/1TB/Radeon;"15.6""";6GB;1TB;Windows;Синий
Asus;X553SA-XX031T (N3050/4GB/500GB/W10);"15.6""";4GB;500GB;Windows;Красный
Asus;ZenBook UX305CA-UBM1;"13.3""";8GB;512GB;Windows;Желтый
Dell;Inspiron 3567;"15.6""";6GB;1TB;Windows;Черный
Acer;Aspire ES1-531;"15.6""";4GB;500GB;Linux;Серый
Dell;Inspiron 3552;"15.6""";2GB;500GB;Windows;Желтый
Lenovo;IdeaPad Y700-15ISK;"15.6""";8GB;1TB;Windows;Черный
HP;Pavilion 15-AW003nv;"15.6""";6GB;1TB;Windows;Красный
Dell;Inspiron 3567;"15.6""";8GB;1TB;Linux;Желтый
HP;Stream 11-Y000na;"11.6""";2GB;32GB;Windows;Серый
Asus;X556UJ-XO044T (i7-6500U/4GB/500GB/GeForce;"15.6""";4GB;500GB;Windows;Белый
Lenovo;Yoga 500-14ISK;"14.0""";4GB;128GB;Windows;Желтый
Lenovo;Yoga 900-13ISK;"13.3""";16GB;512GB;Windows;Черный
Lenovo;IdeaPad 100S-14IBR;"14.0""";2GB;64GB;Windows;Серебристый
HP;15-AC110nv (i7-6500U/6GB/1TB/Radeon;"15.6""";6GB;1TB;Windows;Голубой
Asus;X553SA-XX031T (N3050/4GB/500GB/W10);"15.6""";4GB;500GB;Windows;Голубой
